,instant,dteday,season,yr,mnth,holiday,weekday,workingday,weathersit,temp,atemp,hum,windspeed,casual,registered,cnt,Cluster
0,1,2011-01-01,springer,2011,1,0,6,0,Mist,14.1,18.2,80.6,10.7,331,654,985,Rekreasi dan Liburan
1,2,2011-01-02,springer,2011,1,0,0,0,Mist,14.9,17.7,69.6,16.7,131,670,801,Rekreasi dan Liburan
2,3,2011-01-03,springer,2011,1,0,1,1,Clear/Cloudy,8.1,9.5,43.7,16.6,120,1229,1349,Cuaca dingin
3,4,2011-01-04,springer,2011,1,0,2,1,Clear/Cloudy,8.2,10.6,59.0,10.7,108,1454,1562,Cuaca dingin
4,5,2011-01-05,springer,2011,1,0,3,1,Clear/Cloudy,9.3,11.5,43.7,12.5,82,1518,1600,Cuaca dingin
5,6,2011-01-06,springer,2011,1,0,4,1,Clear/Cloudy,8.4,11.7,51.8,6.0,88,1518,1606,Cuaca dingin
6,7,2011-01-07,springer,2011,1,0,5,1,Mist,8.1,10.4,49.9,11.3,148,1362,1510,Cuaca dingin
7,8,2011-01-08,springer,2011,1,0,6,0,Mist,6.8,8.1,53.6,17.9,68,891,959,Cuaca dingin
8,9,2011-01-09,springer,2011,1,0,0,0,Clear/Cloudy,5.7,5.8,43.4,24.3,54,768,822,Cuaca dingin
9,10,2011-01-10,springer,2011,1,0,1,1,Clear/Cloudy,6.2,7.5,48.3,15.0,41,1280,1321,Cuaca dingin
10,11,2011-01-11,springer,2011,1,0,2,1,Mist,6.9,9.6,68.6,8.2,43,1220,1263,Cuaca dingin
11,12,2011-01-12,springer,2011,1,0,3,1,Clear/Cloudy,7.1,8.0,60.0,20.4,25,1137,1162,Cuaca dingin
12,13,2011-01-13,springer,2011,1,0,4,1,Clear/Cloudy,6.8,7.5,47.0,20.2,38,1368,1406,Cuaca dingin
13,14,2011-01-14,springer,2011,1,0,5,1,Clear/Cloudy,6.6,9.4,53.8,8.5,54,1367,1421,Cuaca dingin
14,15,2011-01-15,springer,2011,1,0,6,0,Mist,9.6,12.4,49.9,10.6,222,1026,1248,Cuaca dingin
15,16,2011-01-16,springer,2011,1,0,0,0,Clear/Cloudy,9.5,11.7,48.4,12.6,251,953,1204,Cuaca dingin
16,17,2011-01-17,springer,2011,1,1,1,0,Mist,7.2,8.8,53.8,13.0,117,883,1000,Cuaca dingin
17,18,2011-01-18,springer,2011,1,0,2,1,Mist,8.9,11.6,86.2,9.8,9,674,683,Cuaca dingin
18,19,2011-01-19,springer,2011,1,0,3,1,Mist,12.0,14.9,74.2,14.0,78,1572,1650,Cuaca dingin
19,20,2011-01-20,springer,2011,1,0,4,1,Mist,10.7,12.8,53.8,13.1,83,1844,1927,Cuaca dingin
20,21,2011-01-21,springer,2011,1,0,5,1,Clear/Cloudy,7.3,7.9,45.7,23.7,75,1468,1543,Cuaca dingin
21,22,2011-01-22,springer,2011,1,0,6,0,Clear/Cloudy,2.4,4.0,40.0,11.5,93,888,981,Cuaca dingin
22,23,2011-01-23,springer,2011,1,0,0,0,Clear/Cloudy,4.0,4.9,43.7,16.5,150,836,986,Cuaca dingin
23,24,2011-01-24,springer,2011,1,0,1,1,Clear/Cloudy,4.0,5.9,49.2,10.6,86,1330,1416,Cuaca dingin
24,25,2011-01-25,springer,2011,1,0,2,1,Mist,9.2,11.7,61.7,8.7,186,1799,1985,Cuaca dingin
25,26,2011-01-26,springer,2011,1,0,3,1,Light Rain,8.9,10.2,86.2,19.7,34,472,506,Cuaca Buruk
26,27,2011-01-27,springer,2011,1,0,4,1,Clear/Cloudy,8.0,11.0,68.8,7.6,15,416,431,Cuaca dingin
27,28,2011-01-28,springer,2011,1,0,5,1,Mist,8.3,11.2,79.3,8.3,38,1129,1167,Cuaca dingin
28,29,2011-01-29,springer,2011,1,0,6,0,Clear/Cloudy,8.1,10.6,65.2,9.7,123,975,1098,Cuaca dingin
29,30,2011-01-30,springer,2011,1,0,0,0,Clear/Cloudy,8.9,12.5,72.2,5.0,140,956,1096,Cuaca dingin
30,31,2011-01-31,springer,2011,1,0,1,1,Mist,7.4,9.3,60.4,12.5,42,1459,1501,Cuaca dingin
31,32,2011-02-01,springer,2011,2,0,2,1,Mist,7.9,11.7,83.0,3.6,47,1313,1360,Cuaca dingin
32,33,2011-02-02,springer,2011,2,0,3,1,Mist,10.7,12.7,77.5,17.7,72,1454,1526,Cuaca dingin
33,34,2011-02-03,springer,2011,2,0,4,1,Clear/Cloudy,7.7,8.9,43.8,18.6,61,1489,1550,Cuaca dingin
34,35,2011-02-04,springer,2011,2,0,5,1,Mist,8.7,11.4,58.5,8.6,88,1620,1708,Cuaca dingin
35,36,2011-02-05,springer,2011,2,0,6,0,Mist,9.6,12.2,92.9,10.8,100,905,1005,Cuaca dingin
36,37,2011-02-06,springer,2011,2,0,0,0,Clear/Cloudy,11.7,14.6,56.8,9.5,354,1269,1623,Cuaca dingin
37,38,2011-02-07,springer,2011,2,0,1,1,Clear/Cloudy,11.1,15.2,73.8,3.0,120,1592,1712,Cuaca dingin
38,39,2011-02-08,springer,2011,2,0,2,1,Clear/Cloudy,9.1,9.9,53.8,24.3,64,1466,1530,Cuaca dingin
39,40,2011-02-09,springer,2011,2,0,3,1,Mist,5.5,7.2,49.5,12.7,53,1552,1605,Cuaca dingin
40,41,2011-02-10,springer,2011,2,0,4,1,Clear/Cloudy,5.9,7.5,43.7,14.9,47,1491,1538,Cuaca dingin
41,42,2011-02-11,springer,2011,2,0,5,1,Clear/Cloudy,7.8,10.7,50.6,7.3,149,1597,1746,Cuaca dingin
42,43,2011-02-12,springer,2011,2,0,6,0,Clear/Cloudy,9.1,11.6,54.4,13.6,288,1184,1472,Cuaca dingin
43,44,2011-02-13,springer,2011,2,0,0,0,Clear/Cloudy,13.0,16.2,45.7,17.5,397,1192,1589,Cuaca dingin
44,45,2011-02-14,springer,2011,2,0,1,1,Clear/Cloudy,17.0,19.9,37.6,28.0,208,1705,1913,Transportasi Kerja/Sekolah
45,46,2011-02-15,springer,2011,2,0,2,1,Clear/Cloudy,10.9,12.7,31.4,19.5,140,1675,1815,Cuaca dingin
46,47,2011-02-16,springer,2011,2,0,3,1,Clear/Cloudy,13.0,15.8,42.3,16.9,218,1897,2115,Cuaca dingin
47,48,2011-02-17,springer,2011,2,0,4,1,Clear/Cloudy,17.9,21.4,50.5,15.4,259,2216,2475,Transportasi Kerja/Sekolah
48,49,2011-02-18,springer,2011,2,0,5,1,Clear/Cloudy,21.4,25.6,51.7,17.7,579,2348,2927,Transportasi Kerja/Sekolah
49,50,2011-02-19,springer,2011,2,0,6,0,Clear/Cloudy,16.4,19.6,18.8,34.0,532,1103,1635,Rekreasi dan Liburan
50,51,2011-02-20,springer,2011,2,0,0,0,Clear/Cloudy,11.7,13.9,40.8,15.0,639,1173,1812,Cuaca dingin
51,52,2011-02-21,springer,2011,2,1,1,0,Mist,12.4,14.2,60.5,20.6,195,912,1107,Cuaca dingin
52,53,2011-02-22,springer,2011,2,0,2,1,Clear/Cloudy,7.5,9.3,57.8,13.1,74,1376,1450,Cuaca dingin
53,54,2011-02-23,springer,2011,2,0,3,1,Clear/Cloudy,9.1,12.3,42.3,6.3,139,1778,1917,Cuaca dingin
54,55,2011-02-24,springer,2011,2,0,4,1,Mist,12.1,14.5,69.7,16.8,100,1707,1807,Cuaca dingin
55,56,2011-02-25,springer,2011,2,0,5,1,Mist,14.9,17.5,71.2,23.2,120,1341,1461,Transportasi Kerja/Sekolah
56,57,2011-02-26,springer,2011,2,0,6,0,Clear/Cloudy,11.6,14.1,53.8,12.5,424,1545,1969,Cuaca dingin
57,58,2011-02-27,springer,2011,2,0,0,0,Clear/Cloudy,14.1,17.6,68.0,8.4,694,1708,2402,Rekreasi dan Liburan
58,59,2011-02-28,springer,2011,2,0,1,1,Mist,16.7,20.0,87.6,19.4,81,1365,1446,Transportasi Kerja/Sekolah
59,60,2011-03-01,springer,2011,3,0,2,1,Clear/Cloudy,10.9,13.2,53.5,14.5,137,1714,1851,Cuaca dingin
60,61,2011-03-02,springer,2011,3,0,3,1,Clear/Cloudy,13.7,16.0,45.0,20.6,231,1903,2134,Cuaca dingin
61,62,2011-03-03,springer,2011,3,0,4,1,Clear/Cloudy,8.1,10.0,31.8,15.1,123,1562,1685,Cuaca dingin
62,63,2011-03-04,springer,2011,3,0,5,1,Mist,10.7,12.8,61.0,13.6,214,1730,1944,Cuaca dingin
63,64,2011-03-05,springer,2011,3,0,6,0,Mist,15.8,18.9,78.9,16.9,640,1437,2077,Rekreasi dan Liburan
64,65,2011-03-06,springer,2011,3,0,0,0,Mist,15.4,18.3,94.8,23.0,114,491,605,Rekreasi dan Liburan
65,66,2011-03-07,springer,2011,3,0,1,1,Clear/Cloudy,10.7,11.9,55.1,22.9,244,1628,1872,Cuaca dingin
66,67,2011-03-08,springer,2011,3,0,2,1,Clear/Cloudy,12.0,15.1,42.1,8.1,316,1817,2133,Cuaca dingin
67,68,2011-03-09,springer,2011,3,0,3,1,Mist,12.1,14.3,77.5,14.8,191,1700,1891,Cuaca dingin
68,69,2011-03-10,springer,2011,3,0,4,1,Light Rain,16.0,19.3,0.0,17.5,46,577,623,Cuaca Buruk
69,70,2011-03-11,springer,2011,3,0,5,1,Mist,13.0,15.2,65.0,15.6,247,1730,1977,Cuaca dingin
70,71,2011-03-12,springer,2011,3,0,6,0,Clear/Cloudy,13.5,16.3,59.5,14.8,724,1408,2132,Cuaca dingin
71,72,2011-03-13,springer,2011,3,0,0,0,Clear/Cloudy,15.8,19.0,52.7,18.1,982,1435,2417,Rekreasi dan Liburan
72,73,2011-03-14,springer,2011,3,0,1,1,Clear/Cloudy,13.3,16.6,49.7,9.2,359,1687,2046,Cuaca dingin
73,74,2011-03-15,springer,2011,3,0,2,1,Mist,13.0,15.9,65.6,12.3,289,1767,2056,Cuaca dingin
74,75,2011-03-16,springer,2011,3,0,3,1,Mist,15.0,18.3,77.7,13.6,321,1871,2192,Transportasi Kerja/Sekolah
75,76,2011-03-17,springer,2011,3,0,4,1,Clear/Cloudy,17.0,20.5,60.3,14.0,424,2320,2744,Transportasi Kerja/Sekolah
76,77,2011-03-18,springer,2011,3,0,5,1,Clear/Cloudy,22.1,26.4,52.5,15.5,884,2355,3239,Transportasi Kerja/Sekolah
77,78,2011-03-19,springer,2011,3,0,6,0,Clear/Cloudy,19.4,23.3,37.9,24.7,1424,1693,3117,Rekreasi dan Liburan
78,79,2011-03-20,springer,2011,3,0,0,0,Clear/Cloudy,13.6,16.3,47.4,13.9,1047,1424,2471,Cuaca dingin
79,80,2011-03-21,summer,2011,3,0,1,1,Mist,17.6,20.5,73.7,19.3,401,1676,2077,Transportasi Kerja/Sekolah
80,81,2011-03-22,summer,2011,3,0,2,1,Clear/Cloudy,18.1,22.0,62.5,15.1,460,2243,2703,Transportasi Kerja/Sekolah
81,82,2011-03-23,summer,2011,3,0,3,1,Mist,14.2,16.9,84.0,15.7,203,1918,2121,Transportasi Kerja/Sekolah
82,83,2011-03-24,summer,2011,3,0,4,1,Mist,11.7,13.5,80.6,16.3,166,1699,1865,Cuaca dingin
83,84,2011-03-25,summer,2011,3,0,5,1,Clear/Cloudy,10.8,12.8,49.5,15.5,300,1910,2210,Cuaca dingin
84,85,2011-03-26,summer,2011,3,0,6,0,Clear/Cloudy,10.9,12.9,39.4,14.0,981,1515,2496,Cuaca dingin
85,86,2011-03-27,summer,2011,3,0,0,0,Mist,10.4,12.5,49.4,12.3,472,1221,1693,Cuaca dingin
86,87,2011-03-28,summer,2011,3,0,1,1,Clear/Cloudy,10.8,12.9,30.2,14.2,222,1806,2028,Cuaca dingin
87,88,2011-03-29,summer,2011,3,0,2,1,Clear/Cloudy,12.4,14.6,31.4,15.2,317,2108,2425,Cuaca dingin
88,89,2011-03-30,summer,2011,3,0,3,1,Mist,12.3,14.9,64.7,11.6,168,1368,1536,Cuaca dingin
89,90,2011-03-31,summer,2011,3,0,4,1,Light Rain,11.0,12.9,91.8,14.6,179,1506,1685,Cuaca Buruk
90,91,2011-04-01,summer,2011,4,0,5,1,Mist,12.3,14.2,68.6,17.3,307,1920,2227,Cuaca dingin
91,92,2011-04-02,summer,2011,4,0,6,0,Mist,12.9,15.8,65.4,13.2,898,1354,2252,Cuaca dingin
92,93,2011-04-03,summer,2011,4,0,0,0,Clear/Cloudy,15.5,18.9,48.0,12.2,1651,1598,3249,Rekreasi dan Liburan
93,94,2011-04-04,summer,2011,4,0,1,1,Clear/Cloudy,23.5,27.1,42.6,25.8,734,2381,3115,Transportasi Kerja/Sekolah
94,95,2011-04-05,summer,2011,4,0,2,1,Mist,17.0,19.9,64.2,26.0,167,1628,1795,Transportasi Kerja/Sekolah
95,96,2011-04-06,summer,2011,4,0,3,1,Clear/Cloudy,16.0,19.4,47.1,17.6,413,2395,2808,Transportasi Kerja/Sekolah
96,97,2011-04-07,summer,2011,4,0,4,1,Clear/Cloudy,17.9,21.7,60.3,10.9,571,2570,3141,Transportasi Kerja/Sekolah
97,98,2011-04-08,summer,2011,4,0,5,1,Mist,13.8,16.2,83.6,15.2,172,1299,1471,Cuaca dingin
98,99,2011-04-09,summer,2011,4,0,6,0,Mist,14.0,17.1,87.8,8.9,879,1576,2455,Rekreasi dan Liburan
99,100,2011-04-10,summer,2011,4,0,0,0,Mist,17.5,21.3,85.8,9.8,1188,1707,2895,Rekreasi dan Liburan
100,101,2011-04-11,summer,2011,4,0,1,1,Mist,24.4,28.3,71.7,21.7,855,2493,3348,Transportasi Kerja/Sekolah
101,102,2011-04-12,summer,2011,4,0,2,1,Mist,20.6,24.7,73.9,18.4,257,1777,2034,Transportasi Kerja/Sekolah
102,103,2011-04-13,summer,2011,4,0,3,1,Mist,16.9,20.9,81.9,16.8,209,1953,2162,Transportasi Kerja/Sekolah
103,104,2011-04-14,summer,2011,4,0,4,1,Clear/Cloudy,19.2,23.1,54.0,7.4,529,2738,3267,Transportasi Kerja/Sekolah
104,105,2011-04-15,summer,2011,4,1,5,0,Clear/Cloudy,18.3,22.1,67.1,15.2,642,2484,3126,Rekreasi dan Liburan
105,106,2011-04-16,summer,2011,4,0,6,0,Light Rain,17.7,21.3,88.8,22.8,121,674,795,Cuaca Buruk
106,107,2011-04-17,summer,2011,4,0,0,0,Clear/Cloudy,18.7,22.3,48.0,20.3,1558,2186,3744,Rekreasi dan Liburan
107,108,2011-04-18,summer,2011,4,0,1,1,Clear/Cloudy,21.0,25.2,54.2,11.0,669,2760,3429,Transportasi Kerja/Sekolah
108,109,2011-04-19,summer,2011,4,0,2,1,Mist,20.7,24.5,66.6,10.6,409,2795,3204,Transportasi Kerja/Sekolah
109,110,2011-04-20,summer,2011,4,0,3,1,Clear/Cloudy,24.4,28.2,61.4,16.2,613,3331,3944,Transportasi Kerja/Sekolah
110,111,2011-04-21,summer,2011,4,0,4,1,Clear/Cloudy,18.8,22.7,40.7,21.8,745,3444,4189,Transportasi Kerja/Sekolah
111,112,2011-04-22,summer,2011,4,0,5,1,Mist,13.8,16.1,73.0,14.7,177,1506,1683,Cuaca dingin
112,113,2011-04-23,summer,2011,4,0,6,0,Mist,18.9,22.5,88.8,15.5,1462,2574,4036,Rekreasi dan Liburan
113,114,2011-04-24,summer,2011,4,0,0,0,Mist,23.8,27.6,81.1,12.9,1710,2481,4191,Rekreasi dan Liburan
114,115,2011-04-25,summer,2011,4,0,1,1,Clear/Cloudy,24.9,28.7,77.7,12.4,773,3300,4073,Transportasi Kerja/Sekolah
115,116,2011-04-26,summer,2011,4,0,2,1,Clear/Cloudy,25.9,29.7,72.9,21.9,678,3722,4400,Transportasi Kerja/Sekolah
116,117,2011-04-27,summer,2011,4,0,3,1,Mist,25.4,28.8,83.5,20.9,547,3325,3872,Transportasi Kerja/Sekolah
117,118,2011-04-28,summer,2011,4,0,4,1,Mist,25.3,28.9,70.1,21.5,569,3489,4058,Transportasi Kerja/Sekolah
118,119,2011-04-29,summer,2011,4,0,5,1,Clear/Cloudy,20.9,24.9,45.7,16.1,878,3717,4595,Transportasi Kerja/Sekolah
119,120,2011-04-30,summer,2011,4,0,6,0,Clear/Cloudy,19.4,23.2,50.3,15.8,1965,3347,5312,Rekreasi dan Liburan
120,121,2011-05-01,summer,2011,5,0,0,0,Mist,18.5,22.4,76.2,7.1,1138,2213,3351,Rekreasi dan Liburan
121,122,2011-05-02,summer,2011,5,0,1,1,Mist,22.5,26.6,73.0,12.3,847,3554,4401,Transportasi Kerja/Sekolah
122,123,2011-05-03,summer,2011,5,0,2,1,Mist,25.3,29.1,69.7,23.0,603,3848,4451,Transportasi Kerja/Sekolah
123,124,2011-05-04,summer,2011,5,0,3,1,Mist,17.0,20.2,73.7,22.0,255,2378,2633,Transportasi Kerja/Sekolah
124,125,2011-05-05,summer,2011,5,0,4,1,Clear/Cloudy,18.8,22.1,44.4,19.8,614,3819,4433,Transportasi Kerja/Sekolah
125,126,2011-05-06,summer,2011,5,0,5,1,Clear/Cloudy,19.6,23.7,59.0,15.3,894,3714,4608,Transportasi Kerja/Sekolah
126,127,2011-05-07,summer,2011,5,0,6,0,Clear/Cloudy,21.3,25.6,54.1,10.8,1612,3102,4714,Rekreasi dan Liburan
127,128,2011-05-08,summer,2011,5,0,0,0,Clear/Cloudy,21.7,25.9,63.2,5.0,1401,2932,4333,Rekreasi dan Liburan
128,129,2011-05-09,summer,2011,5,0,1,1,Clear/Cloudy,21.8,26.3,58.9,11.8,664,3698,4362,Transportasi Kerja/Sekolah
129,130,2011-05-10,summer,2011,5,0,2,1,Clear/Cloudy,21.8,26.1,48.9,7.7,694,4109,4803,Transportasi Kerja/Sekolah
130,131,2011-05-11,summer,2011,5,0,3,1,Clear/Cloudy,22.2,26.4,63.3,8.1,550,3632,4182,Transportasi Kerja/Sekolah
131,132,2011-05-12,summer,2011,5,0,4,1,Clear/Cloudy,21.9,26.2,74.8,12.7,695,4169,4864,Transportasi Kerja/Sekolah
132,133,2011-05-13,summer,2011,5,0,5,1,Mist,21.0,24.7,86.3,12.0,692,3413,4105,Transportasi Kerja/Sekolah
133,134,2011-05-14,summer,2011,5,0,6,0,Mist,21.4,25.0,92.2,9.0,902,2507,3409,Rekreasi dan Liburan
134,135,2011-05-15,summer,2011,5,0,0,0,Mist,23.1,26.8,86.7,10.2,1582,2971,4553,Rekreasi dan Liburan
135,136,2011-05-16,summer,2011,5,0,1,1,Clear/Cloudy,23.7,27.5,78.8,8.5,773,3185,3958,Transportasi Kerja/Sekolah
136,137,2011-05-17,summer,2011,5,0,2,1,Mist,23.0,26.9,83.8,18.6,678,3445,4123,Transportasi Kerja/Sekolah
137,138,2011-05-18,summer,2011,5,0,3,1,Mist,22.6,26.4,87.0,13.5,536,3319,3855,Transportasi Kerja/Sekolah
138,139,2011-05-19,summer,2011,5,0,4,1,Mist,21.8,25.5,83.0,7.3,735,3840,4575,Transportasi Kerja/Sekolah
139,140,2011-05-20,summer,2011,5,0,5,1,Clear/Cloudy,22.0,26.5,72.0,8.4,909,4008,4917,Transportasi Kerja/Sekolah
140,141,2011-05-21,summer,2011,5,0,6,0,Clear/Cloudy,24.7,28.6,62.7,8.1,2258,3547,5805,Rekreasi dan Liburan
141,142,2011-05-22,summer,2011,5,0,0,0,Clear/Cloudy,24.8,28.7,75.0,9.9,1576,3084,4660,Rekreasi dan Liburan
142,143,2011-05-23,summer,2011,5,0,1,1,Mist,25.9,29.5,81.0,15.7,836,3438,4274,Transportasi Kerja/Sekolah
143,144,2011-05-24,summer,2011,5,0,2,1,Mist,27.1,30.2,74.1,13.9,659,3833,4492,Transportasi Kerja/Sekolah
144,145,2011-05-25,summer,2011,5,0,3,1,Clear/Cloudy,27.1,30.8,69.6,10.3,740,4238,4978,Transportasi Kerja/Sekolah
145,146,2011-05-26,summer,2011,5,0,4,1,Clear/Cloudy,29.0,32.7,67.8,13.4,758,3919,4677,Transportasi Kerja/Sekolah
146,147,2011-05-27,summer,2011,5,0,5,1,Clear/Cloudy,27.9,31.9,65.4,16.1,871,3808,4679,Transportasi Kerja/Sekolah
147,148,2011-05-28,summer,2011,5,0,6,0,Clear/Cloudy,26.9,30.6,73.0,15.4,2001,2757,4758,Rekreasi dan Liburan
148,149,2011-05-29,summer,2011,5,0,0,0,Clear/Cloudy,27.4,30.8,81.9,14.3,2355,2433,4788,Rekreasi dan Liburan
149,150,2011-05-30,summer,2011,5,1,1,0,Clear/Cloudy,30.1,33.6,68.5,8.8,1549,2549,4098,Rekreasi dan Liburan
150,151,2011-05-31,summer,2011,5,0,2,1,Clear/Cloudy,31.8,36.3,63.7,7.5,673,3309,3982,Transportasi Kerja/Sekolah
151,152,2011-06-01,summer,2011,6,0,3,1,Mist,31.3,36.0,67.7,13.9,513,3461,3974,Transportasi Kerja/Sekolah
152,153,2011-06-02,summer,2011,6,0,4,1,Clear/Cloudy,29.3,32.2,30.5,19.6,736,4232,4968,Transportasi Kerja/Sekolah
153,154,2011-06-03,summer,2011,6,0,5,1,Clear/Cloudy,25.4,29.4,35.4,17.0,898,4414,5312,Transportasi Kerja/Sekolah
154,155,2011-06-04,summer,2011,6,0,6,0,Clear/Cloudy,26.0,29.7,45.6,8.3,1869,3473,5342,Rekreasi dan Liburan
155,156,2011-06-05,summer,2011,6,0,0,0,Mist,26.6,30.8,65.2,9.3,1685,3221,4906,Rekreasi dan Liburan
156,157,2011-06-06,summer,2011,6,0,1,1,Clear/Cloudy,27.8,31.1,60.0,8.2,673,3875,4548,Transportasi Kerja/Sekolah
157,158,2011-06-07,summer,2011,6,0,2,1,Clear/Cloudy,29.0,32.8,59.8,12.6,763,4070,4833,Transportasi Kerja/Sekolah
158,159,2011-06-08,summer,2011,6,0,3,1,Clear/Cloudy,31.8,36.4,62.2,9.2,676,3725,4401,Transportasi Kerja/Sekolah
159,160,2011-06-09,summer,2011,6,0,4,1,Mist,33.1,37.9,56.8,10.0,563,3352,3915,Transportasi Kerja/Sekolah
160,161,2011-06-10,summer,2011,6,0,5,1,Clear/Cloudy,31.0,35.2,60.5,9.4,815,3771,4586,Transportasi Kerja/Sekolah
161,162,2011-06-11,summer,2011,6,0,6,0,Clear/Cloudy,29.7,33.9,65.5,10.4,1729,3237,4966,Rekreasi dan Liburan
162,163,2011-06-12,summer,2011,6,0,0,0,Clear/Cloudy,28.4,32.2,74.8,11.0,1467,2993,4460,Rekreasi dan Liburan
163,164,2011-06-13,summer,2011,6,0,1,1,Clear/Cloudy,26.0,30.1,49.5,20.5,863,4157,5020,Transportasi Kerja/Sekolah
164,165,2011-06-14,summer,2011,6,0,2,1,Clear/Cloudy,24.8,29.6,50.7,18.0,727,4164,4891,Transportasi Kerja/Sekolah
165,166,2011-06-15,summer,2011,6,0,3,1,Clear/Cloudy,25.7,29.4,47.2,11.3,769,4411,5180,Transportasi Kerja/Sekolah
166,167,2011-06-16,summer,2011,6,0,4,1,Mist,25.8,29.8,68.8,13.8,545,3222,3767,Transportasi Kerja/Sekolah
167,168,2011-06-17,summer,2011,6,0,5,1,Clear/Cloudy,26.6,30.0,73.6,9.6,863,3981,4844,Transportasi Kerja/Sekolah
168,169,2011-06-18,summer,2011,6,0,6,0,Clear/Cloudy,28.6,32.2,67.0,8.0,1807,3312,5119,Rekreasi dan Liburan
169,170,2011-06-19,summer,2011,6,0,0,0,Mist,28.7,32.3,66.7,6.8,1639,3105,4744,Rekreasi dan Liburan
170,171,2011-06-20,summer,2011,6,0,1,1,Mist,26.0,29.8,74.6,10.4,699,3311,4010,Transportasi Kerja/Sekolah
171,172,2011-06-21,fall,2011,6,0,2,1,Mist,27.9,31.9,77.0,11.5,774,4061,4835,Transportasi Kerja/Sekolah
172,173,2011-06-22,fall,2011,6,0,3,1,Clear/Cloudy,30.1,34.7,70.8,11.5,661,3846,4507,Transportasi Kerja/Sekolah
173,174,2011-06-23,fall,2011,6,0,4,1,Mist,29.9,34.7,70.3,16.0,746,4044,4790,Transportasi Kerja/Sekolah
174,175,2011-06-24,fall,2011,6,0,5,1,Clear/Cloudy,29.7,32.8,57.3,14.9,969,4022,4991,Transportasi Kerja/Sekolah
175,176,2011-06-25,fall,2011,6,0,6,0,Clear/Cloudy,28.5,32.2,48.3,14.0,1782,3420,5202,Rekreasi dan Liburan
176,177,2011-06-26,fall,2011,6,0,0,0,Clear/Cloudy,27.9,31.9,51.3,6.3,1920,3385,5305,Rekreasi dan Liburan
177,178,2011-06-27,fall,2011,6,0,1,1,Mist,28.0,31.9,65.8,7.2,854,3854,4708,Transportasi Kerja/Sekolah
178,179,2011-06-28,fall,2011,6,0,2,1,Clear/Cloudy,30.5,34.6,63.4,9.7,732,3916,4648,Transportasi Kerja/Sekolah
179,180,2011-06-29,fall,2011,6,0,3,1,Clear/Cloudy,29.9,32.7,49.8,17.5,848,4377,5225,Transportasi Kerja/Sekolah
180,181,2011-06-30,fall,2011,6,0,4,1,Clear/Cloudy,28.6,31.9,43.4,12.4,1027,4488,5515,Transportasi Kerja/Sekolah
181,182,2011-07-01,fall,2011,7,0,5,1,Clear/Cloudy,29.6,32.6,39.6,6.9,1246,4116,5362,Transportasi Kerja/Sekolah
182,183,2011-07-02,fall,2011,7,0,6,0,Clear/Cloudy,30.3,33.4,44.5,7.7,2204,2915,5119,Rekreasi dan Liburan
183,184,2011-07-03,fall,2011,7,0,0,0,Mist,29.4,33.4,68.2,15.3,2282,2367,4649,Rekreasi dan Liburan
184,185,2011-07-04,fall,2011,7,1,1,0,Mist,29.8,33.3,63.8,5.5,3065,2978,6043,Rekreasi dan Liburan
185,186,2011-07-05,fall,2011,7,0,2,1,Clear/Cloudy,30.6,34.8,59.0,8.5,1031,3634,4665,Transportasi Kerja/Sekolah
186,187,2011-07-06,fall,2011,7,0,3,1,Clear/Cloudy,29.5,34.3,74.3,10.0,784,3845,4629,Transportasi Kerja/Sekolah
187,188,2011-07-07,fall,2011,7,0,4,1,Clear/Cloudy,30.8,34.3,65.1,10.7,754,3838,4592,Transportasi Kerja/Sekolah
188,189,2011-07-08,fall,2011,7,0,5,1,Mist,29.1,33.5,75.8,15.1,692,3348,4040,Transportasi Kerja/Sekolah
189,190,2011-07-09,fall,2011,7,0,6,0,Clear/Cloudy,30.1,33.2,60.9,11.3,1988,3348,5336,Rekreasi dan Liburan
190,191,2011-07-10,fall,2011,7,0,0,0,Clear/Cloudy,30.6,34.5,57.8,12.3,1743,3138,4881,Rekreasi dan Liburan
191,192,2011-07-11,fall,2011,7,0,1,1,Clear/Cloudy,31.3,36.5,63.6,18.9,723,3363,4086,Transportasi Kerja/Sekolah
192,193,2011-07-12,fall,2011,7,0,2,1,Clear/Cloudy,32.6,37.0,55.9,13.4,662,3596,4258,Transportasi Kerja/Sekolah
193,194,2011-07-13,fall,2011,7,0,3,1,Clear/Cloudy,30.6,34.5,63.2,9.8,748,3594,4342,Transportasi Kerja/Sekolah
194,195,2011-07-14,fall,2011,7,0,4,1,Clear/Cloudy,27.9,31.8,47.6,16.1,888,4196,5084,Transportasi Kerja/Sekolah
195,196,2011-07-15,fall,2011,7,0,5,1,Clear/Cloudy,27.2,31.2,59.1,12.2,1318,4220,5538,Transportasi Kerja/Sekolah
196,197,2011-07-16,fall,2011,7,0,6,0,Clear/Cloudy,28.2,31.9,58.5,14.0,2418,3505,5923,Rekreasi dan Liburan
197,198,2011-07-17,fall,2011,7,0,0,0,Clear/Cloudy,29.5,33.5,60.4,16.4,2006,3296,5302,Rekreasi dan Liburan
198,199,2011-07-18,fall,2011,7,0,1,1,Clear/Cloudy,30.6,35.2,65.1,14.5,841,3617,4458,Transportasi Kerja/Sekolah
199,200,2011-07-19,fall,2011,7,0,2,1,Clear/Cloudy,31.8,37.4,65.0,8.8,752,3789,4541,Transportasi Kerja/Sekolah
200,201,2011-07-20,fall,2011,7,0,3,1,Clear/Cloudy,31.5,37.3,70.7,7.6,644,3688,4332,Transportasi Kerja/Sekolah
201,202,2011-07-21,fall,2011,7,0,4,1,Mist,33.4,41.3,69.1,14.9,632,3152,3784,Transportasi Kerja/Sekolah
202,203,2011-07-22,fall,2011,7,0,5,1,Clear/Cloudy,34.8,42.0,58.0,8.9,562,2825,3387,Transportasi Kerja/Sekolah
203,204,2011-07-23,fall,2011,7,0,6,0,Clear/Cloudy,34.8,40.2,50.0,8.8,987,2298,3285,Rekreasi dan Liburan
204,205,2011-07-24,fall,2011,7,0,0,0,Clear/Cloudy,34.0,39.7,55.1,11.3,1050,2556,3606,Rekreasi dan Liburan
205,206,2011-07-25,fall,2011,7,0,1,1,Clear/Cloudy,30.5,36.0,75.7,6.1,568,3272,3840,Transportasi Kerja/Sekolah
206,207,2011-07-26,fall,2011,7,0,2,1,Clear/Cloudy,31.6,34.8,54.1,13.4,750,3840,4590,Transportasi Kerja/Sekolah
207,208,2011-07-27,fall,2011,7,0,3,1,Clear/Cloudy,31.8,34.5,40.3,12.3,755,3901,4656,Transportasi Kerja/Sekolah
208,209,2011-07-28,fall,2011,7,0,4,1,Clear/Cloudy,31.9,37.0,58.3,12.0,606,3784,4390,Transportasi Kerja/Sekolah
209,210,2011-07-29,fall,2011,7,0,5,1,Clear/Cloudy,34.4,39.3,54.2,11.7,670,3176,3846,Transportasi Kerja/Sekolah
210,211,2011-07-30,fall,2011,7,0,6,0,Clear/Cloudy,33.0,36.4,46.6,11.3,1559,2916,4475,Rekreasi dan Liburan
211,212,2011-07-31,fall,2011,7,0,0,0,Clear/Cloudy,33.0,36.5,48.1,11.0,1524,2778,4302,Rekreasi dan Liburan
212,213,2011-08-01,fall,2011,8,0,1,1,Clear/Cloudy,31.6,35.2,55.1,10.5,729,3537,4266,Transportasi Kerja/Sekolah
213,214,2011-08-02,fall,2011,8,0,2,1,Clear/Cloudy,32.1,35.4,49.1,13.8,801,4044,4845,Transportasi Kerja/Sekolah
214,215,2011-08-03,fall,2011,8,0,3,1,Mist,30.0,34.0,65.8,9.1,467,3107,3574,Transportasi Kerja/Sekolah
215,216,2011-08-04,fall,2011,8,0,4,1,Mist,29.1,33.2,75.8,13.2,799,3777,4576,Transportasi Kerja/Sekolah
216,217,2011-08-05,fall,2011,8,0,5,1,Clear/Cloudy,29.1,32.8,63.1,12.4,1023,3843,4866,Transportasi Kerja/Sekolah
217,218,2011-08-06,fall,2011,8,0,6,0,Mist,29.4,33.8,75.5,15.3,1521,2773,4294,Rekreasi dan Liburan
218,219,2011-08-07,fall,2011,8,0,0,0,Clear/Cloudy,30.4,35.8,75.3,13.5,1298,2487,3785,Rekreasi dan Liburan
219,220,2011-08-08,fall,2011,8,0,1,1,Clear/Cloudy,31.4,35.2,59.2,12.9,846,3480,4326,Transportasi Kerja/Sekolah
220,221,2011-08-09,fall,2011,8,0,2,1,Clear/Cloudy,31.8,36.2,57.0,10.1,907,3695,4602,Transportasi Kerja/Sekolah
221,222,2011-08-10,fall,2011,8,0,3,1,Clear/Cloudy,31.4,34.2,42.4,13.4,884,3896,4780,Transportasi Kerja/Sekolah
222,223,2011-08-11,fall,2011,8,0,4,1,Clear/Cloudy,29.4,32.6,42.4,11.0,812,3980,4792,Transportasi Kerja/Sekolah
223,224,2011-08-12,fall,2011,8,0,5,1,Clear/Cloudy,29.0,32.7,41.5,8.4,1051,3854,4905,Transportasi Kerja/Sekolah
224,225,2011-08-13,fall,2011,8,0,6,0,Mist,28.1,32.3,73.0,14.2,1504,2646,4150,Rekreasi dan Liburan
225,226,2011-08-14,fall,2011,8,0,0,0,Mist,27.7,31.2,81.8,14.9,1338,2482,3820,Rekreasi dan Liburan
226,227,2011-08-15,fall,2011,8,0,1,1,Clear/Cloudy,27.3,30.8,71.2,14.0,775,3563,4338,Transportasi Kerja/Sekolah
227,228,2011-08-16,fall,2011,8,0,2,1,Clear/Cloudy,28.7,32.3,57.8,15.8,721,4004,4725,Transportasi Kerja/Sekolah
228,229,2011-08-17,fall,2011,8,0,3,1,Clear/Cloudy,29.7,33.3,57.5,9.6,668,4026,4694,Transportasi Kerja/Sekolah
229,230,2011-08-18,fall,2011,8,0,4,1,Clear/Cloudy,29.2,33.1,65.5,15.6,639,3166,3805,Transportasi Kerja/Sekolah
230,231,2011-08-19,fall,2011,8,0,5,1,Mist,28.1,31.7,72.3,9.3,797,3356,4153,Transportasi Kerja/Sekolah
231,232,2011-08-20,fall,2011,8,0,6,0,Clear/Cloudy,28.6,32.4,67.4,7.0,1914,3277,5191,Rekreasi dan Liburan
232,233,2011-08-21,fall,2011,8,0,0,0,Clear/Cloudy,29.1,33.8,77.0,16.7,1249,2624,3873,Rekreasi dan Liburan
233,234,2011-08-22,fall,2011,8,0,1,1,Clear/Cloudy,28.4,31.9,47.0,18.5,833,3925,4758,Transportasi Kerja/Sekolah
234,235,2011-08-23,fall,2011,8,0,2,1,Clear/Cloudy,26.3,30.3,45.5,9.8,1281,4614,5895,Transportasi Kerja/Sekolah
235,236,2011-08-24,fall,2011,8,0,3,1,Clear/Cloudy,27.6,31.5,60.5,17.0,949,4181,5130,Transportasi Kerja/Sekolah
236,237,2011-08-25,fall,2011,8,0,4,1,Mist,28.1,32.3,77.2,14.1,435,3107,3542,Transportasi Kerja/Sekolah
237,238,2011-08-26,fall,2011,8,0,5,1,Clear/Cloudy,28.7,33.0,76.1,5.6,768,3893,4661,Transportasi Kerja/Sekolah
238,239,2011-08-27,fall,2011,8,0,6,0,Mist,27.9,31.8,85.0,25.2,226,889,1115,Rekreasi dan Liburan
239,240,2011-08-28,fall,2011,8,0,0,0,Clear/Cloudy,29.0,32.4,56.2,20.4,1415,2919,4334,Rekreasi dan Liburan
240,241,2011-08-29,fall,2011,8,0,1,1,Clear/Cloudy,26.1,30.4,55.5,10.7,729,3905,4634,Transportasi Kerja/Sekolah
241,242,2011-08-30,fall,2011,8,0,2,1,Clear/Cloudy,26.2,29.7,54.8,8.4,775,4429,5204,Transportasi Kerja/Sekolah
242,243,2011-08-31,fall,2011,8,0,3,1,Clear/Cloudy,26.9,30.6,59.8,5.6,688,4370,5058,Transportasi Kerja/Sekolah
243,244,2011-09-01,fall,2011,9,0,4,1,Clear/Cloudy,26.9,30.7,63.9,9.5,783,4332,5115,Transportasi Kerja/Sekolah
244,245,2011-09-02,fall,2011,9,0,5,1,Mist,26.4,30.2,72.7,9.4,875,3852,4727,Transportasi Kerja/Sekolah
245,246,2011-09-03,fall,2011,9,0,6,0,Clear/Cloudy,27.4,31.7,71.7,12.4,1935,2549,4484,Rekreasi dan Liburan
246,247,2011-09-04,fall,2011,9,0,0,0,Clear/Cloudy,29.1,33.3,74.2,13.8,2521,2419,4940,Rekreasi dan Liburan
247,248,2011-09-05,fall,2011,9,1,1,0,Mist,27.6,31.3,79.0,14.3,1236,2115,3351,Rekreasi dan Liburan
248,249,2011-09-06,fall,2011,9,0,2,1,Light Rain,22.1,25.8,88.7,23.0,204,2506,2710,Cuaca Buruk
249,250,2011-09-07,fall,2011,9,0,3,1,Light Rain,24.6,27.2,91.7,6.5,118,1878,1996,Cuaca Buruk
250,251,2011-09-08,fall,2011,9,0,4,1,Light Rain,26.0,27.8,94.0,12.9,153,1689,1842,Cuaca Buruk
251,252,2011-09-09,fall,2011,9,0,5,1,Mist,26.6,28.9,89.8,8.3,417,3127,3544,Transportasi Kerja/Sekolah
252,253,2011-09-10,fall,2011,9,0,6,0,Clear/Cloudy,27.1,30.4,75.4,10.3,1750,3595,5345,Rekreasi dan Liburan
253,254,2011-09-11,fall,2011,9,0,0,0,Clear/Cloudy,26.8,30.5,71.4,7.7,1633,3413,5046,Rekreasi dan Liburan
254,255,2011-09-12,fall,2011,9,0,1,1,Clear/Cloudy,26.4,30.1,69.2,6.0,690,4023,4713,Transportasi Kerja/Sekolah
255,256,2011-09-13,fall,2011,9,0,2,1,Clear/Cloudy,26.7,30.2,71.2,9.5,701,4062,4763,Transportasi Kerja/Sekolah
256,257,2011-09-14,fall,2011,9,0,3,1,Clear/Cloudy,27.6,31.3,69.7,11.2,647,4138,4785,Transportasi Kerja/Sekolah
257,258,2011-09-15,fall,2011,9,0,4,1,Mist,23.7,27.7,70.9,18.2,428,3231,3659,Transportasi Kerja/Sekolah
258,259,2011-09-16,fall,2011,9,0,5,1,Mist,19.2,23.1,59.0,11.0,742,4018,4760,Transportasi Kerja/Sekolah
259,260,2011-09-17,fall,2011,9,0,6,0,Mist,20.2,23.9,71.8,12.7,1434,3077,4511,Rekreasi dan Liburan
260,261,2011-09-18,fall,2011,9,0,0,0,Clear/Cloudy,20.8,24.5,69.5,12.0,1353,2921,4274,Rekreasi dan Liburan
261,262,2011-09-19,fall,2011,9,0,1,1,Mist,22.5,26.5,69.0,10.2,691,3848,4539,Transportasi Kerja/Sekolah
262,263,2011-09-20,fall,2011,9,0,2,1,Mist,23.0,26.6,88.1,9.0,438,3203,3641,Transportasi Kerja/Sekolah
263,264,2011-09-21,fall,2011,9,0,3,1,Mist,24.4,27.5,90.0,6.5,539,3813,4352,Transportasi Kerja/Sekolah
264,265,2011-09-22,fall,2011,9,0,4,1,Mist,25.8,27.7,90.2,8.6,555,4240,4795,Transportasi Kerja/Sekolah
265,266,2011-09-23,winter,2011,9,0,5,1,Mist,25.0,26.1,97.2,5.3,258,2137,2395,Transportasi Kerja/Sekolah
266,267,2011-09-24,winter,2011,9,0,6,0,Mist,24.9,28.2,86.2,5.3,1776,3647,5423,Rekreasi dan Liburan
267,268,2011-09-25,winter,2011,9,0,0,0,Mist,26.0,28.6,84.5,3.4,1544,3466,5010,Rekreasi dan Liburan
268,269,2011-09-26,winter,2011,9,0,1,1,Mist,26.6,29.5,84.8,7.4,684,3946,4630,Transportasi Kerja/Sekolah
269,270,2011-09-27,winter,2011,9,0,2,1,Mist,26.1,28.7,88.5,7.9,477,3643,4120,Transportasi Kerja/Sekolah
270,271,2011-09-28,winter,2011,9,0,3,1,Mist,26.0,28.8,84.9,10.0,480,3427,3907,Transportasi Kerja/Sekolah
271,272,2011-09-29,winter,2011,9,0,4,1,Clear/Cloudy,25.3,28.7,69.9,11.6,653,4186,4839,Transportasi Kerja/Sekolah
272,273,2011-09-30,winter,2011,9,0,5,1,Clear/Cloudy,23.1,27.2,64.8,13.8,830,4372,5202,Transportasi Kerja/Sekolah
273,274,2011-10-01,winter,2011,10,0,6,0,Mist,16.8,20.6,75.4,19.6,480,1949,2429,Rekreasi dan Liburan
274,275,2011-10-02,winter,2011,10,0,0,0,Mist,14.6,17.3,79.2,14.9,616,2302,2918,Rekreasi dan Liburan
275,276,2011-10-03,winter,2011,10,0,1,1,Mist,15.8,19.6,76.1,5.6,330,3240,3570,Transportasi Kerja/Sekolah
276,277,2011-10-04,winter,2011,10,0,2,1,Clear/Cloudy,19.9,23.6,71.0,13.8,486,3970,4456,Transportasi Kerja/Sekolah
277,278,2011-10-05,winter,2011,10,0,3,1,Clear/Cloudy,22.1,26.4,64.8,11.9,559,4267,4826,Transportasi Kerja/Sekolah
278,279,2011-10-06,winter,2011,10,0,4,1,Clear/Cloudy,20.3,24.0,62.1,9.0,639,4126,4765,Transportasi Kerja/Sekolah
279,280,2011-10-07,winter,2011,10,0,5,1,Clear/Cloudy,20.9,25.2,68.4,1.5,949,4036,4985,Transportasi Kerja/Sekolah
280,281,2011-10-08,winter,2011,10,0,6,0,Clear/Cloudy,21.4,25.7,70.1,3.0,2235,3174,5409,Rekreasi dan Liburan
281,282,2011-10-09,winter,2011,10,0,0,0,Clear/Cloudy,22.2,26.2,72.8,4.3,2397,3114,5511,Rekreasi dan Liburan
282,283,2011-10-10,winter,2011,10,1,1,0,Clear/Cloudy,23.4,27.1,73.4,2.8,1514,3603,5117,Rekreasi dan Liburan
283,284,2011-10-11,winter,2011,10,0,2,1,Mist,23.2,27.3,80.9,9.6,667,3896,4563,Transportasi Kerja/Sekolah
284,285,2011-10-12,winter,2011,10,0,3,1,Light Rain,22.3,25.9,90.6,16.6,217,2199,2416,Cuaca Buruk
285,286,2011-10-13,winter,2011,10,0,4,1,Mist,24.2,27.6,89.7,9.5,290,2623,2913,Transportasi Kerja/Sekolah
286,287,2011-10-14,winter,2011,10,0,5,1,Mist,22.6,26.5,71.6,15.0,529,3115,3644,Transportasi Kerja/Sekolah
287,288,2011-10-15,winter,2011,10,0,6,0,Clear/Cloudy,20.8,24.9,48.3,17.3,1899,3318,5217,Rekreasi dan Liburan
288,289,2011-10-16,winter,2011,10,0,0,0,Clear/Cloudy,21.0,25.2,48.7,18.9,1748,3293,5041,Rekreasi dan Liburan
289,290,2011-10-17,winter,2011,10,0,1,1,Clear/Cloudy,21.9,25.5,58.0,11.8,713,3857,4570,Transportasi Kerja/Sekolah
290,291,2011-10-18,winter,2011,10,0,2,1,Mist,21.8,26.1,70.2,7.4,637,4111,4748,Transportasi Kerja/Sekolah
291,292,2011-10-19,winter,2011,10,0,3,1,Light Rain,22.2,25.7,89.5,16.3,254,2170,2424,Cuaca Buruk
292,293,2011-10-20,winter,2011,10,0,4,1,Clear/Cloudy,19.5,23.3,63.6,28.3,471,3724,4195,Transportasi Kerja/Sekolah
293,294,2011-10-21,winter,2011,10,0,5,1,Clear/Cloudy,17.5,21.2,57.4,14.8,676,3628,4304,Transportasi Kerja/Sekolah
294,295,2011-10-22,winter,2011,10,0,6,0,Clear/Cloudy,17.3,21.3,62.9,6.2,1499,2809,4308,Rekreasi dan Liburan
295,296,2011-10-23,winter,2011,10,0,0,0,Clear/Cloudy,17.3,21.1,74.1,6.7,1619,2762,4381,Rekreasi dan Liburan
296,297,2011-10-24,winter,2011,10,0,1,1,Clear/Cloudy,19.0,22.9,77.2,8.0,699,3488,4187,Transportasi Kerja/Sekolah
297,298,2011-10-25,winter,2011,10,0,2,1,Clear/Cloudy,19.3,23.2,62.3,11.2,695,3992,4687,Transportasi Kerja/Sekolah
298,299,2011-10-26,winter,2011,10,0,3,1,Mist,19.9,23.6,72.0,10.0,404,3490,3894,Transportasi Kerja/Sekolah
299,300,2011-10-27,winter,2011,10,0,4,1,Mist,19.3,22.9,81.3,13.3,240,2419,2659,Transportasi Kerja/Sekolah
300,301,2011-10-28,winter,2011,10,0,5,1,Mist,13.6,15.9,58.6,15.4,456,3291,3747,Cuaca dingin
301,302,2011-10-29,winter,2011,10,0,6,0,Light Rain,10.4,11.4,88.2,23.5,57,570,627,Cuaca Buruk
302,303,2011-10-30,winter,2011,10,0,0,0,Clear/Cloudy,13.1,16.1,62.4,11.8,885,2446,3331,Cuaca dingin
303,304,2011-10-31,winter,2011,10,0,1,1,Clear/Cloudy,13.9,17.8,70.3,7.1,362,3307,3669,Transportasi Kerja/Sekolah
304,305,2011-11-01,winter,2011,11,0,2,1,Clear/Cloudy,16.4,19.9,68.4,9.1,410,3658,4068,Transportasi Kerja/Sekolah
305,306,2011-11-02,winter,2011,11,0,3,1,Clear/Cloudy,15.5,19.5,71.9,5.5,370,3816,4186,Transportasi Kerja/Sekolah
306,307,2011-11-03,winter,2011,11,0,4,1,Clear/Cloudy,16.7,20.3,70.2,9.2,318,3656,3974,Transportasi Kerja/Sekolah
307,308,2011-11-04,winter,2011,11,0,5,1,Mist,16.5,20.2,62.3,18.2,470,3576,4046,Transportasi Kerja/Sekolah
308,309,2011-11-05,winter,2011,11,0,6,0,Clear/Cloudy,13.4,16.2,51.9,12.7,1156,2770,3926,Cuaca dingin
309,310,2011-11-06,winter,2011,11,0,0,0,Clear/Cloudy,14.3,18.1,73.5,6.2,952,2697,3649,Rekreasi dan Liburan
310,311,2011-11-07,winter,2011,11,0,1,1,Clear/Cloudy,16.2,20.0,75.9,3.8,373,3662,4035,Transportasi Kerja/Sekolah
311,312,2011-11-08,winter,2011,11,0,2,1,Clear/Cloudy,16.7,20.6,72.2,4.6,376,3829,4205,Transportasi Kerja/Sekolah
312,313,2011-11-09,winter,2011,11,0,3,1,Clear/Cloudy,16.4,20.5,75.8,4.2,305,3804,4109,Transportasi Kerja/Sekolah
313,314,2011-11-10,winter,2011,11,0,4,1,Mist,15.6,18.7,81.3,12.7,190,2743,2933,Transportasi Kerja/Sekolah
314,315,2011-11-11,winter,2011,11,1,5,0,Clear/Cloudy,13.3,15.3,44.6,21.1,440,2928,3368,Cuaca dingin
315,316,2011-11-12,winter,2011,11,0,6,0,Clear/Cloudy,14.6,17.9,55.3,14.2,1275,2792,4067,Rekreasi dan Liburan
316,317,2011-11-13,winter,2011,11,0,0,0,Clear/Cloudy,18.1,21.5,45.8,18.9,1004,2713,3717,Rekreasi dan Liburan
317,318,2011-11-14,winter,2011,11,0,1,1,Clear/Cloudy,21.7,26.2,58.7,20.5,595,3891,4486,Transportasi Kerja/Sekolah
318,319,2011-11-15,winter,2011,11,0,2,1,Mist,21.7,25.4,68.9,13.4,449,3746,4195,Transportasi Kerja/Sekolah
319,320,2011-11-16,winter,2011,11,0,3,1,Light Rain,18.7,22.6,93.0,9.2,145,1672,1817,Cuaca Buruk
320,321,2011-11-17,winter,2011,11,0,4,1,Mist,14.0,16.2,57.6,20.5,139,2914,3053,Transportasi Kerja/Sekolah
321,322,2011-11-18,winter,2011,11,0,5,1,Clear/Cloudy,11.2,13.6,41.0,11.3,245,3147,3392,Cuaca dingin
322,323,2011-11-19,winter,2011,11,0,6,0,Clear/Cloudy,13.5,16.2,50.2,15.0,943,2720,3663,Cuaca dingin
323,324,2011-11-20,winter,2011,11,0,0,0,Mist,19.0,22.9,68.5,12.5,787,2733,3520,Rekreasi dan Liburan
324,325,2011-11-21,winter,2011,11,0,1,1,Light Rain,18.3,22.3,91.0,9.2,220,2545,2765,Cuaca Buruk
325,326,2011-11-22,winter,2011,11,0,2,1,Light Rain,17.1,21.1,96.2,8.0,69,1538,1607,Cuaca Buruk
326,327,2011-11-23,winter,2011,11,0,3,1,Mist,18.1,21.5,75.8,22.5,112,2454,2566,Transportasi Kerja/Sekolah
327,328,2011-11-24,winter,2011,11,1,4,0,Clear/Cloudy,15.3,18.6,54.9,11.2,560,935,1495,Rekreasi dan Liburan
328,329,2011-11-25,winter,2011,11,0,5,1,Clear/Cloudy,15.4,19.0,64.4,6.6,1095,1697,2792,Transportasi Kerja/Sekolah
329,330,2011-11-26,winter,2011,11,0,6,0,Clear/Cloudy,15.4,19.3,68.2,4.6,1249,1819,3068,Rekreasi dan Liburan
330,331,2011-11-27,winter,2011,11,0,0,0,Clear/Cloudy,18.8,22.8,69.8,14.0,810,2261,3071,Rekreasi dan Liburan
331,332,2011-11-28,winter,2011,11,0,1,1,Clear/Cloudy,20.6,24.5,74.3,9.5,253,3614,3867,Transportasi Kerja/Sekolah
332,333,2011-11-29,winter,2011,11,0,2,1,Mist,18.8,22.6,83.1,17.3,96,2818,2914,Transportasi Kerja/Sekolah
333,334,2011-11-30,winter,2011,11,0,3,1,Clear/Cloudy,13.3,15.6,61.3,18.2,188,3425,3613,Cuaca dingin
334,335,2011-12-01,winter,2011,12,0,4,1,Clear/Cloudy,12.8,15.3,52.5,14.8,182,3545,3727,Cuaca dingin
335,336,2011-12-02,winter,2011,12,0,5,1,Clear/Cloudy,12.9,16.6,62.6,6.8,268,3672,3940,Cuaca dingin
336,337,2011-12-03,winter,2011,12,0,6,0,Clear/Cloudy,12.3,15.5,61.3,6.4,706,2908,3614,Cuaca dingin
337,338,2011-12-04,winter,2011,12,0,0,0,Clear/Cloudy,13.6,17.5,77.6,5.6,634,2851,3485,Cuaca dingin
338,339,2011-12-05,winter,2011,12,0,1,1,Mist,15.8,19.7,82.7,4.2,233,3578,3811,Transportasi Kerja/Sekolah
339,340,2011-12-06,winter,2011,12,0,2,1,Light Rain,19.0,22.8,95.0,15.6,126,2468,2594,Cuaca Buruk
340,341,2011-12-07,winter,2011,12,0,3,1,Light Rain,16.8,20.0,97.0,17.8,50,655,705,Cuaca Buruk
341,342,2011-12-08,winter,2011,12,0,4,1,Clear/Cloudy,10.9,12.8,58.0,16.1,150,3172,3322,Cuaca dingin
342,343,2011-12-09,winter,2011,12,0,5,1,Clear/Cloudy,11.9,15.9,69.6,5.5,261,3359,3620,Cuaca dingin
343,344,2011-12-10,winter,2011,12,0,6,0,Clear/Cloudy,11.3,13.3,50.7,15.6,502,2688,3190,Cuaca dingin
344,345,2011-12-11,winter,2011,12,0,0,0,Clear/Cloudy,9.1,12.7,49.0,4.5,377,2366,2743,Cuaca dingin
345,346,2011-12-12,winter,2011,12,0,1,1,Clear/Cloudy,9.8,13.5,67.1,4.3,143,3167,3310,Cuaca dingin
346,347,2011-12-13,winter,2011,12,0,2,1,Clear/Cloudy,11.6,15.1,59.0,9.4,155,3368,3523,Cuaca dingin
347,348,2011-12-14,winter,2011,12,0,3,1,Mist,13.0,16.9,66.4,4.1,178,3562,3740,Cuaca dingin
348,349,2011-12-15,winter,2011,12,0,4,1,Mist,17.3,20.6,63.4,18.0,181,3528,3709,Transportasi Kerja/Sekolah
349,350,2011-12-16,winter,2011,12,0,5,1,Mist,15.4,18.0,50.0,17.5,178,3399,3577,Transportasi Kerja/Sekolah
350,351,2011-12-17,winter,2011,12,0,6,0,Mist,10.6,12.5,56.1,16.3,275,2464,2739,Cuaca dingin
351,352,2011-12-18,winter,2011,12,0,0,0,Clear/Cloudy,9.8,12.3,58.6,11.4,220,2211,2431,Cuaca dingin
352,353,2011-12-19,winter,2011,12,0,1,1,Clear/Cloudy,11.3,14.0,63.7,11.6,260,3143,3403,Cuaca dingin
353,354,2011-12-20,winter,2011,12,0,2,1,Mist,15.8,19.8,59.5,4.1,216,3534,3750,Transportasi Kerja/Sekolah
354,355,2011-12-21,springer,2011,12,0,3,1,Mist,17.6,21.4,85.8,14.8,107,2553,2660,Transportasi Kerja/Sekolah
355,356,2011-12-22,springer,2011,12,0,4,1,Mist,17.4,21.3,75.8,3.2,227,2841,3068,Transportasi Kerja/Sekolah
356,357,2011-12-23,springer,2011,12,0,5,1,Clear/Cloudy,15.3,18.9,68.6,18.4,163,2046,2209,Transportasi Kerja/Sekolah
357,358,2011-12-24,springer,2011,12,0,6,0,Clear/Cloudy,12.4,15.0,54.2,12.8,155,856,1011,Cuaca dingin
358,359,2011-12-25,springer,2011,12,0,0,0,Clear/Cloudy,11.3,14.0,68.1,10.4,303,451,754,Cuaca dingin
359,360,2011-12-26,springer,2011,12,1,1,0,Clear/Cloudy,13.2,15.8,50.7,16.0,430,887,1317,Cuaca dingin
360,361,2011-12-27,springer,2011,12,0,2,1,Mist,13.3,16.4,76.2,12.6,103,1059,1162,Cuaca dingin
361,362,2011-12-28,springer,2011,12,0,3,1,Clear/Cloudy,12.3,14.0,50.4,19.7,255,2047,2302,Cuaca dingin
362,363,2011-12-29,springer,2011,12,0,4,1,Clear/Cloudy,10.2,13.2,57.4,8.0,254,2169,2423,Cuaca dingin
363,364,2011-12-30,springer,2011,12,0,5,1,Clear/Cloudy,12.8,15.9,63.7,9.0,491,2508,2999,Cuaca dingin
364,365,2011-12-31,springer,2011,12,0,6,0,Clear/Cloudy,16.8,20.7,61.6,14.8,665,1820,2485,Rekreasi dan Liburan
365,366,2012-01-01,springer,2012,1,0,0,0,Clear/Cloudy,15.2,18.8,69.2,12.9,686,1608,2294,Rekreasi dan Liburan
366,367,2012-01-02,springer,2012,1,1,1,0,Clear/Cloudy,11.2,12.6,38.1,22.1,244,1707,1951,Cuaca dingin
367,368,2012-01-03,springer,2012,1,0,2,1,Clear/Cloudy,6.1,6.3,44.1,24.5,89,2147,2236,Cuaca dingin
368,369,2012-01-04,springer,2012,1,0,3,1,Mist,4.4,6.0,41.5,12.4,95,2273,2368,Cuaca dingin
369,370,2012-01-05,springer,2012,1,0,4,1,Clear/Cloudy,10.9,13.9,52.4,8.7,140,3132,3272,Cuaca dingin
370,371,2012-01-06,springer,2012,1,0,5,1,Clear/Cloudy,13.7,17.0,54.2,11.2,307,3791,4098,Cuaca dingin
371,372,2012-01-07,springer,2012,1,0,6,0,Clear/Cloudy,16.1,19.5,53.2,11.7,1070,3451,4521,Rekreasi dan Liburan
372,373,2012-01-08,springer,2012,1,0,0,0,Clear/Cloudy,13.8,17.0,46.5,12.8,599,2826,3425,Cuaca dingin
373,374,2012-01-09,springer,2012,1,0,1,1,Mist,9.2,12.4,70.2,6.6,106,2270,2376,Cuaca dingin
374,375,2012-01-10,springer,2012,1,0,2,1,Clear/Cloudy,12.7,15.9,64.7,12.6,173,3425,3598,Cuaca dingin
375,376,2012-01-11,springer,2012,1,0,3,1,Mist,11.2,14.1,84.8,8.8,92,2085,2177,Cuaca dingin
376,377,2012-01-12,springer,2012,1,0,4,1,Mist,15.7,19.1,80.3,12.1,269,3828,4097,Transportasi Kerja/Sekolah
377,378,2012-01-13,springer,2012,1,0,5,1,Clear/Cloudy,11.2,12.5,50.7,25.3,174,3040,3214,Cuaca dingin
378,379,2012-01-14,springer,2012,1,0,6,0,Clear/Cloudy,7.4,9.2,45.8,12.5,333,2160,2493,Cuaca dingin
379,380,2012-01-15,springer,2012,1,0,0,0,Clear/Cloudy,6.8,8.1,41.9,16.8,284,2027,2311,Cuaca dingin
380,381,2012-01-16,springer,2012,1,1,1,0,Clear/Cloudy,7.8,9.5,52.2,15.5,217,2081,2298,Cuaca dingin
381,382,2012-01-17,springer,2012,1,0,2,1,Mist,15.3,18.2,71.6,23.4,127,2808,2935,Transportasi Kerja/Sekolah
382,383,2012-01-18,springer,2012,1,0,3,1,Clear/Cloudy,12.4,13.8,44.3,27.8,109,3267,3376,Cuaca dingin
383,384,2012-01-19,springer,2012,1,0,4,1,Clear/Cloudy,7.8,9.5,49.8,14.8,130,3162,3292,Cuaca dingin
384,385,2012-01-20,springer,2012,1,0,5,1,Mist,8.9,11.0,45.0,13.6,115,3048,3163,Cuaca dingin
385,386,2012-01-21,springer,2012,1,0,6,0,Mist,7.1,8.7,83.1,14.9,67,1234,1301,Cuaca dingin
386,387,2012-01-22,springer,2012,1,0,0,0,Mist,6.7,8.1,79.6,13.4,196,1781,1977,Cuaca dingin
387,388,2012-01-23,springer,2012,1,0,1,1,Mist,9.0,12.2,91.1,7.4,145,2287,2432,Cuaca dingin
388,389,2012-01-24,springer,2012,1,0,2,1,Clear/Cloudy,14.0,17.5,83.6,8.3,439,3900,4339,Transportasi Kerja/Sekolah
389,390,2012-01-25,springer,2012,1,0,3,1,Clear/Cloudy,12.1,14.7,64.4,10.8,467,3803,4270,Cuaca dingin
390,391,2012-01-26,springer,2012,1,0,4,1,Mist,14.0,17.8,77.0,4.9,244,3831,4075,Transportasi Kerja/Sekolah
391,392,2012-01-27,springer,2012,1,0,5,1,Mist,17.4,20.8,74.1,23.0,269,3187,3456,Transportasi Kerja/Sekolah
392,393,2012-01-28,springer,2012,1,0,6,0,Clear/Cloudy,12.9,16.3,54.3,14.1,775,3248,4023,Cuaca dingin
393,394,2012-01-29,springer,2012,1,0,0,0,Clear/Cloudy,11.6,13.6,31.1,16.1,558,2685,3243,Cuaca dingin
394,395,2012-01-30,springer,2012,1,0,1,1,Clear/Cloudy,11.0,13.1,40.1,14.5,126,3498,3624,Cuaca dingin
395,396,2012-01-31,springer,2012,1,0,2,1,Clear/Cloudy,16.0,19.1,41.7,17.5,324,4185,4509,Transportasi Kerja/Sekolah
396,397,2012-02-01,springer,2012,2,0,3,1,Clear/Cloudy,19.2,23.3,50.8,12.7,304,4275,4579,Transportasi Kerja/Sekolah
397,398,2012-02-02,springer,2012,2,0,4,1,Mist,16.4,19.9,67.3,12.5,190,3571,3761,Transportasi Kerja/Sekolah
398,399,2012-02-03,springer,2012,2,0,5,1,Clear/Cloudy,12.8,15.5,52.7,12.0,310,3841,4151,Cuaca dingin
399,400,2012-02-04,springer,2012,2,0,6,0,Mist,10.8,13.6,78.0,8.2,384,2448,2832,Cuaca dingin
400,401,2012-02-05,springer,2012,2,0,0,0,Mist,10.9,13.2,68.8,11.8,318,2629,2947,Cuaca dingin
401,402,2012-02-06,springer,2012,2,0,1,1,Clear/Cloudy,11.6,14.8,62.2,10.3,206,3578,3784,Cuaca dingin
402,403,2012-02-07,springer,2012,2,0,2,1,Clear/Cloudy,14.5,18.1,49.6,9.9,199,4176,4375,Transportasi Kerja/Sekolah
403,404,2012-02-08,springer,2012,2,0,3,1,Mist,10.5,13.3,72.3,9.0,109,2693,2802,Cuaca dingin
404,405,2012-02-09,springer,2012,2,0,4,1,Clear/Cloudy,10.9,13.1,56.2,13.0,163,3667,3830,Cuaca dingin
405,406,2012-02-10,springer,2012,2,0,5,1,Mist,11.5,14.7,54.0,7.8,227,3604,3831,Cuaca dingin
406,407,2012-02-11,springer,2012,2,0,6,0,Light Rain,9.2,10.5,73.1,19.4,192,1977,2169,Cuaca Buruk
407,408,2012-02-12,springer,2012,2,0,0,0,Clear/Cloudy,5.2,5.1,46.5,27.4,73,1456,1529,Cuaca dingin
408,409,2012-02-13,springer,2012,2,0,1,1,Clear/Cloudy,9.1,11.4,41.1,11.2,94,3328,3422,Cuaca dingin
409,410,2012-02-14,springer,2012,2,0,2,1,Mist,13.1,16.7,50.9,9.5,135,3787,3922,Cuaca dingin
410,411,2012-02-15,springer,2012,2,0,3,1,Clear/Cloudy,14.3,17.6,53.1,12.2,141,4028,4169,Transportasi Kerja/Sekolah
411,412,2012-02-16,springer,2012,2,0,4,1,Mist,13.0,16.5,75.3,6.1,74,2931,3005,Cuaca dingin
412,413,2012-02-17,springer,2012,2,0,5,1,Clear/Cloudy,14.1,17.6,63.5,13.8,349,3805,4154,Transportasi Kerja/Sekolah
413,414,2012-02-18,springer,2012,2,0,6,0,Clear/Cloudy,14.2,17.8,53.5,12.8,1435,2883,4318,Rekreasi dan Liburan
414,415,2012-02-19,springer,2012,2,0,0,0,Mist,11.5,13.3,51.6,17.0,618,2071,2689,Cuaca dingin
415,416,2012-02-20,springer,2012,2,1,1,0,Clear/Cloudy,11.5,13.7,50.8,15.3,502,2627,3129,Cuaca dingin
416,417,2012-02-21,springer,2012,2,0,2,1,Clear/Cloudy,11.8,14.8,59.4,13.8,163,3614,3777,Cuaca dingin
417,418,2012-02-22,springer,2012,2,0,3,1,Clear/Cloudy,16.2,19.6,56.8,15.7,394,4379,4773,Transportasi Kerja/Sekolah
418,419,2012-02-23,springer,2012,2,0,4,1,Clear/Cloudy,18.6,22.2,55.5,12.8,516,4546,5062,Transportasi Kerja/Sekolah
419,420,2012-02-24,springer,2012,2,0,5,1,Mist,16.7,20.5,73.8,15.9,246,3241,3487,Transportasi Kerja/Sekolah
420,421,2012-02-25,springer,2012,2,0,6,0,Clear/Cloudy,11.9,12.8,39.6,28.3,317,2415,2732,Cuaca dingin
421,422,2012-02-26,springer,2012,2,0,0,0,Clear/Cloudy,11.4,13.4,41.0,13.8,515,2874,3389,Cuaca dingin
422,423,2012-02-27,springer,2012,2,0,1,1,Clear/Cloudy,15.0,17.9,49.1,18.0,253,4069,4322,Transportasi Kerja/Sekolah
423,424,2012-02-28,springer,2012,2,0,2,1,Clear/Cloudy,14.7,17.7,39.6,13.0,229,4134,4363,Transportasi Kerja/Sekolah
424,425,2012-02-29,springer,2012,2,0,3,1,Mist,14.1,17.4,80.5,12.0,65,1769,1834,Transportasi Kerja/Sekolah
425,426,2012-03-01,springer,2012,3,0,4,1,Clear/Cloudy,19.9,23.8,61.5,15.2,325,4665,4990,Transportasi Kerja/Sekolah
426,427,2012-03-02,springer,2012,3,0,5,1,Mist,14.5,18.0,65.7,9.7,246,2948,3194,Transportasi Kerja/Sekolah
427,428,2012-03-03,springer,2012,3,0,6,0,Mist,17.0,20.7,62.1,10.8,956,3110,4066,Rekreasi dan Liburan
428,429,2012-03-04,springer,2012,3,0,0,0,Clear/Cloudy,13.4,15.2,40.3,22.4,710,2713,3423,Cuaca dingin
429,430,2012-03-05,springer,2012,3,0,1,1,Clear/Cloudy,10.0,12.1,50.6,15.3,203,3130,3333,Cuaca dingin
430,431,2012-03-06,springer,2012,3,0,2,1,Clear/Cloudy,10.6,12.8,45.7,13.5,221,3735,3956,Cuaca dingin
431,432,2012-03-07,springer,2012,3,0,3,1,Clear/Cloudy,16.6,19.3,51.3,23.2,432,4484,4916,Transportasi Kerja/Sekolah
432,433,2012-03-08,springer,2012,3,0,4,1,Clear/Cloudy,21.6,26.2,56.8,29.6,486,4896,5382,Transportasi Kerja/Sekolah
433,434,2012-03-09,springer,2012,3,0,5,1,Mist,16.8,19.9,40.7,27.8,447,4122,4569,Transportasi Kerja/Sekolah
434,435,2012-03-10,springer,2012,3,0,6,0,Clear/Cloudy,11.8,13.9,35.0,15.1,968,3150,4118,Cuaca dingin
435,436,2012-03-11,springer,2012,3,0,0,0,Clear/Cloudy,14.8,18.0,47.7,14.9,1658,3253,4911,Rekreasi dan Liburan
436,437,2012-03-12,springer,2012,3,0,1,1,Clear/Cloudy,19.1,23.0,48.9,13.9,838,4460,5298,Transportasi Kerja/Sekolah
437,438,2012-03-13,springer,2012,3,0,2,1,Clear/Cloudy,23.2,27.1,61.8,15.9,762,5085,5847,Transportasi Kerja/Sekolah
438,439,2012-03-14,springer,2012,3,0,3,1,Clear/Cloudy,23.5,27.4,50.7,7.7,997,5315,6312,Transportasi Kerja/Sekolah
439,440,2012-03-15,springer,2012,3,0,4,1,Clear/Cloudy,22.9,26.6,58.0,10.0,1005,5187,6192,Transportasi Kerja/Sekolah
440,441,2012-03-16,springer,2012,3,0,5,1,Mist,17.9,21.8,84.2,7.6,548,3830,4378,Transportasi Kerja/Sekolah
441,442,2012-03-17,springer,2012,3,0,6,0,Mist,21.1,25.3,75.6,7.4,3155,4681,7836,Rekreasi dan Liburan
442,443,2012-03-18,springer,2012,3,0,0,0,Mist,19.4,23.2,81.0,8.5,2207,3685,5892,Rekreasi dan Liburan
443,444,2012-03-19,springer,2012,3,0,1,1,Clear/Cloudy,22.3,26.6,72.9,10.9,982,5171,6153,Transportasi Kerja/Sekolah
444,445,2012-03-20,springer,2012,3,0,2,1,Clear/Cloudy,23.0,26.9,80.8,8.1,1051,5042,6093,Transportasi Kerja/Sekolah
445,446,2012-03-21,summer,2012,3,0,3,1,Mist,21.8,25.7,82.1,6.0,1122,5108,6230,Transportasi Kerja/Sekolah
446,447,2012-03-22,summer,2012,3,0,4,1,Clear/Cloudy,22.7,26.6,83.1,7.9,1334,5537,6871,Transportasi Kerja/Sekolah
447,448,2012-03-23,summer,2012,3,0,5,1,Mist,24.7,28.5,69.4,7.8,2469,5893,8362,Transportasi Kerja/Sekolah
448,449,2012-03-24,summer,2012,3,0,6,0,Mist,20.6,24.3,88.5,12.9,1033,2339,3372,Rekreasi dan Liburan
449,450,2012-03-25,summer,2012,3,0,0,0,Mist,17.9,21.9,88.1,14.8,1532,3464,4996,Rekreasi dan Liburan
450,451,2012-03-26,summer,2012,3,0,1,1,Clear/Cloudy,18.3,21.9,47.8,25.9,795,4763,5558,Transportasi Kerja/Sekolah
451,452,2012-03-27,summer,2012,3,0,2,1,Clear/Cloudy,13.3,15.8,29.0,12.5,531,4571,5102,Cuaca dingin
452,453,2012-03-28,summer,2012,3,0,3,1,Clear/Cloudy,19.9,23.5,48.1,19.5,674,5024,5698,Transportasi Kerja/Sekolah
453,454,2012-03-29,summer,2012,3,0,4,1,Clear/Cloudy,20.3,24.1,43.9,21.4,834,5299,6133,Transportasi Kerja/Sekolah
454,455,2012-03-30,summer,2012,3,0,5,1,Mist,15.2,18.8,58.1,9.3,796,4663,5459,Transportasi Kerja/Sekolah
455,456,2012-03-31,summer,2012,3,0,6,0,Mist,17.4,21.1,73.8,16.8,2301,3934,6235,Rekreasi dan Liburan
456,457,2012-04-01,summer,2012,4,0,0,0,Mist,17.5,20.9,67.6,11.5,2347,3694,6041,Rekreasi dan Liburan
457,458,2012-04-02,summer,2012,4,0,1,1,Clear/Cloudy,17.8,21.4,50.4,20.9,1208,4728,5936,Transportasi Kerja/Sekolah
458,459,2012-04-03,summer,2012,4,0,2,1,Clear/Cloudy,19.1,23.1,39.7,6.7,1348,5424,6772,Transportasi Kerja/Sekolah
459,460,2012-04-04,summer,2012,4,0,3,1,Clear/Cloudy,22.2,26.7,47.0,12.1,1058,5378,6436,Transportasi Kerja/Sekolah
460,461,2012-04-05,summer,2012,4,0,4,1,Clear/Cloudy,17.8,21.6,37.4,14.7,1192,5265,6457,Transportasi Kerja/Sekolah
461,462,2012-04-06,summer,2012,4,0,5,1,Clear/Cloudy,16.5,19.5,37.7,20.1,1807,4653,6460,Transportasi Kerja/Sekolah
462,463,2012-04-07,summer,2012,4,0,6,0,Clear/Cloudy,17.9,21.3,25.4,18.4,3252,3605,6857,Rekreasi dan Liburan
463,464,2012-04-08,summer,2012,4,0,0,0,Clear/Cloudy,20.5,24.6,27.6,15.6,2230,2939,5169,Rekreasi dan Liburan
464,465,2012-04-09,summer,2012,4,0,1,1,Clear/Cloudy,20.1,23.8,31.8,24.0,905,4680,5585,Transportasi Kerja/Sekolah
465,466,2012-04-10,summer,2012,4,0,2,1,Clear/Cloudy,18.3,21.8,43.5,16.7,819,5099,5918,Transportasi Kerja/Sekolah
466,467,2012-04-11,summer,2012,4,0,3,1,Clear/Cloudy,14.3,16.9,47.0,19.8,482,4380,4862,Transportasi Kerja/Sekolah
467,468,2012-04-12,summer,2012,4,0,4,1,Clear/Cloudy,16.3,19.4,46.6,19.5,663,4746,5409,Transportasi Kerja/Sekolah
468,469,2012-04-13,summer,2012,4,0,5,1,Clear/Cloudy,18.1,21.6,40.8,10.4,1252,5146,6398,Transportasi Kerja/Sekolah
469,470,2012-04-14,summer,2012,4,0,6,0,Clear/Cloudy,20.3,24.4,50.3,12.8,2795,4665,7460,Rekreasi dan Liburan
470,471,2012-04-15,summer,2012,4,0,0,0,Clear/Cloudy,24.9,28.7,50.8,15.1,2846,4286,7132,Rekreasi dan Liburan
471,472,2012-04-16,summer,2012,4,1,1,0,Clear/Cloudy,27.2,30.7,56.2,19.1,1198,5172,6370,Rekreasi dan Liburan
472,473,2012-04-17,summer,2012,4,0,2,1,Clear/Cloudy,24.9,29.9,39.0,18.3,989,5702,6691,Transportasi Kerja/Sekolah
473,474,2012-04-18,summer,2012,4,0,3,1,Mist,19.0,22.9,56.9,11.3,347,4020,4367,Transportasi Kerja/Sekolah
474,475,2012-04-19,summer,2012,4,0,4,1,Clear/Cloudy,20.4,24.7,61.3,4.4,846,5719,6565,Transportasi Kerja/Sekolah
475,476,2012-04-20,summer,2012,4,0,5,1,Clear/Cloudy,21.6,25.8,69.5,10.0,1340,5950,7290,Transportasi Kerja/Sekolah
476,477,2012-04-21,summer,2012,4,0,6,0,Clear/Cloudy,23.4,27.1,68.3,19.0,2541,4083,6624,Rekreasi dan Liburan
477,478,2012-04-22,summer,2012,4,0,0,0,Light Rain,16.3,19.5,83.5,23.1,120,907,1027,Cuaca Buruk
478,479,2012-04-23,summer,2012,4,0,1,1,Mist,13.2,15.1,76.7,20.3,195,3019,3214,Cuaca dingin
479,480,2012-04-24,summer,2012,4,0,2,1,Clear/Cloudy,16.9,20.3,45.4,16.7,518,5115,5633,Transportasi Kerja/Sekolah
480,481,2012-04-25,summer,2012,4,0,3,1,Clear/Cloudy,19.5,23.5,42.8,8.0,655,5541,6196,Transportasi Kerja/Sekolah
481,482,2012-04-26,summer,2012,4,0,4,1,Mist,20.4,24.2,75.7,11.8,475,4551,5026,Transportasi Kerja/Sekolah
482,483,2012-04-27,summer,2012,4,0,5,1,Clear/Cloudy,18.8,22.6,40.1,23.3,1014,5219,6233,Transportasi Kerja/Sekolah
483,484,2012-04-28,summer,2012,4,0,6,0,Mist,15.4,18.9,49.0,8.7,1120,3100,4220,Rekreasi dan Liburan
484,485,2012-04-29,summer,2012,4,0,0,0,Clear/Cloudy,18.8,22.5,58.7,7.8,2229,4075,6304,Rekreasi dan Liburan
485,486,2012-04-30,summer,2012,4,0,1,1,Mist,19.0,22.9,57.0,11.5,665,4907,5572,Transportasi Kerja/Sekolah
486,487,2012-05-01,summer,2012,5,0,2,1,Mist,25.1,28.9,66.0,10.5,653,5087,5740,Transportasi Kerja/Sekolah
487,488,2012-05-02,summer,2012,5,0,3,1,Clear/Cloudy,23.1,26.9,79.7,9.2,667,5502,6169,Transportasi Kerja/Sekolah
488,489,2012-05-03,summer,2012,5,0,4,1,Mist,23.0,26.9,76.8,9.0,764,5657,6421,Transportasi Kerja/Sekolah
489,490,2012-05-04,summer,2012,5,0,5,1,Clear/Cloudy,25.7,29.5,73.5,10.9,1069,5227,6296,Transportasi Kerja/Sekolah
490,491,2012-05-05,summer,2012,5,0,6,0,Mist,25.5,29.2,75.7,10.3,2496,4387,6883,Rekreasi dan Liburan
491,492,2012-05-06,summer,2012,5,0,0,0,Mist,23.1,27.3,74.0,10.0,2135,4224,6359,Rekreasi dan Liburan
492,493,2012-05-07,summer,2012,5,0,1,1,Mist,22.0,26.4,66.4,15.5,1008,5265,6273,Transportasi Kerja/Sekolah
493,494,2012-05-08,summer,2012,5,0,2,1,Mist,23.8,27.9,68.6,19.8,738,4990,5728,Transportasi Kerja/Sekolah
494,495,2012-05-09,summer,2012,5,0,3,1,Mist,23.6,27.7,74.4,14.5,620,4097,4717,Transportasi Kerja/Sekolah
495,496,2012-05-10,summer,2012,5,0,4,1,Clear/Cloudy,20.7,24.6,55.2,21.0,1026,5546,6572,Transportasi Kerja/Sekolah
496,497,2012-05-11,summer,2012,5,0,5,1,Clear/Cloudy,21.9,26.0,36.0,15.9,1319,5711,7030,Transportasi Kerja/Sekolah
497,498,2012-05-12,summer,2012,5,0,6,0,Clear/Cloudy,23.1,27.2,48.0,8.2,2622,4807,7429,Rekreasi dan Liburan
498,499,2012-05-13,summer,2012,5,0,0,0,Clear/Cloudy,25.1,29.3,57.6,15.1,2172,3946,6118,Rekreasi dan Liburan
499,500,2012-05-14,summer,2012,5,0,1,1,Mist,23.5,27.5,79.0,14.3,342,2501,2843,Transportasi Kerja/Sekolah
500,501,2012-05-15,summer,2012,5,0,2,1,Mist,25.1,28.8,79.5,9.9,625,4490,5115,Transportasi Kerja/Sekolah
501,502,2012-05-16,summer,2012,5,0,3,1,Clear/Cloudy,26.1,29.8,69.8,8.2,991,6433,7424,Transportasi Kerja/Sekolah
502,503,2012-05-17,summer,2012,5,0,4,1,Clear/Cloudy,24.3,28.6,52.0,15.4,1242,6142,7384,Transportasi Kerja/Sekolah
503,504,2012-05-18,summer,2012,5,0,5,1,Clear/Cloudy,23.1,27.6,52.3,9.2,1521,6118,7639,Transportasi Kerja/Sekolah
504,505,2012-05-19,summer,2012,5,0,6,0,Clear/Cloudy,24.6,28.3,45.6,5.6,3410,4884,8294,Rekreasi dan Liburan
505,506,2012-05-20,summer,2012,5,0,0,0,Clear/Cloudy,25.5,29.2,53.0,17.0,2704,4425,7129,Rekreasi dan Liburan
506,507,2012-05-21,summer,2012,5,0,1,1,Mist,24.5,28.3,81.1,15.6,630,3729,4359,Transportasi Kerja/Sekolah
507,508,2012-05-22,summer,2012,5,0,2,1,Mist,25.2,29.0,76.6,7.9,819,5254,6073,Transportasi Kerja/Sekolah
508,509,2012-05-23,summer,2012,5,0,3,1,Mist,25.5,29.2,77.5,6.8,766,4494,5260,Transportasi Kerja/Sekolah
509,510,2012-05-24,summer,2012,5,0,4,1,Clear/Cloudy,26.9,30.3,71.7,11.6,1059,5711,6770,Transportasi Kerja/Sekolah
510,511,2012-05-25,summer,2012,5,0,5,1,Clear/Cloudy,27.9,31.4,74.7,9.4,1417,5317,6734,Transportasi Kerja/Sekolah
511,512,2012-05-26,summer,2012,5,0,6,0,Clear/Cloudy,28.4,32.1,73.2,13.3,2855,3681,6536,Rekreasi dan Liburan
512,513,2012-05-27,summer,2012,5,0,0,0,Clear/Cloudy,28.3,32.1,69.7,14.4,3283,3308,6591,Rekreasi dan Liburan
513,514,2012-05-28,summer,2012,5,1,1,0,Clear/Cloudy,29.2,34.0,67.6,13.2,2557,3486,6043,Rekreasi dan Liburan
514,515,2012-05-29,summer,2012,5,0,2,1,Clear/Cloudy,29.6,33.6,68.5,19.8,880,4863,5743,Transportasi Kerja/Sekolah
515,516,2012-05-30,summer,2012,5,0,3,1,Mist,26.9,30.6,67.0,9.0,745,6110,6855,Transportasi Kerja/Sekolah
516,517,2012-05-31,summer,2012,5,0,4,1,Clear/Cloudy,27.9,31.6,49.3,13.1,1100,6238,7338,Transportasi Kerja/Sekolah
517,518,2012-06-01,summer,2012,6,0,5,1,Mist,26.8,30.4,75.5,15.9,533,3594,4127,Transportasi Kerja/Sekolah
518,519,2012-06-02,summer,2012,6,0,6,0,Clear/Cloudy,23.9,28.3,54.9,12.5,2795,5325,8120,Rekreasi dan Liburan
519,520,2012-06-03,summer,2012,6,0,0,0,Clear/Cloudy,24.7,28.8,49.3,12.3,2494,5147,7641,Rekreasi dan Liburan
520,521,2012-06-04,summer,2012,6,0,1,1,Clear/Cloudy,24.5,28.9,48.7,19.1,1071,5927,6998,Transportasi Kerja/Sekolah
521,522,2012-06-05,summer,2012,6,0,2,1,Mist,22.2,26.3,61.3,14.0,968,6033,7001,Transportasi Kerja/Sekolah
522,523,2012-06-06,summer,2012,6,0,3,1,Clear/Cloudy,22.7,27.1,61.1,5.2,1027,6028,7055,Transportasi Kerja/Sekolah
523,524,2012-06-07,summer,2012,6,0,4,1,Clear/Cloudy,24.7,28.5,56.7,10.5,1038,6456,7494,Transportasi Kerja/Sekolah
524,525,2012-06-08,summer,2012,6,0,5,1,Clear/Cloudy,26.6,29.9,46.8,11.8,1488,6248,7736,Transportasi Kerja/Sekolah
525,526,2012-06-09,summer,2012,6,0,6,0,Clear/Cloudy,29.1,32.4,43.7,9.7,2708,4790,7498,Rekreasi dan Liburan
526,527,2012-06-10,summer,2012,6,0,0,0,Clear/Cloudy,29.8,33.2,53.8,9.0,2224,4374,6598,Rekreasi dan Liburan
527,528,2012-06-11,summer,2012,6,0,1,1,Mist,29.6,33.0,58.8,13.9,1017,5647,6664,Transportasi Kerja/Sekolah
528,529,2012-06-12,summer,2012,6,0,2,1,Mist,26.8,29.9,83.3,14.4,477,4495,4972,Transportasi Kerja/Sekolah
529,530,2012-06-13,summer,2012,6,0,3,1,Clear/Cloudy,26.9,30.6,58.2,23.0,1173,6248,7421,Transportasi Kerja/Sekolah
530,531,2012-06-14,summer,2012,6,0,4,1,Clear/Cloudy,26.6,31.2,57.0,17.0,1180,6183,7363,Transportasi Kerja/Sekolah
531,532,2012-06-15,summer,2012,6,0,5,1,Clear/Cloudy,26.2,30.0,59.0,11.8,1563,6102,7665,Transportasi Kerja/Sekolah
532,533,2012-06-16,summer,2012,6,0,6,0,Clear/Cloudy,25.9,29.7,50.4,11.2,2963,4739,7702,Rekreasi dan Liburan
533,534,2012-06-17,summer,2012,6,0,0,0,Clear/Cloudy,24.3,28.6,59.9,9.7,2634,4344,6978,Rekreasi dan Liburan
534,535,2012-06-18,summer,2012,6,0,1,1,Mist,23.3,27.2,77.8,11.7,653,4446,5099,Transportasi Kerja/Sekolah
535,536,2012-06-19,summer,2012,6,0,2,1,Clear/Cloudy,28.2,32.7,69.0,9.9,968,5857,6825,Transportasi Kerja/Sekolah
536,537,2012-06-20,summer,2012,6,0,3,1,Clear/Cloudy,32.1,36.0,59.2,7.6,872,5339,6211,Transportasi Kerja/Sekolah
537,538,2012-06-21,fall,2012,6,0,4,1,Clear/Cloudy,33.0,37.6,56.8,8.0,778,5127,5905,Transportasi Kerja/Sekolah
538,539,2012-06-22,fall,2012,6,0,5,1,Clear/Cloudy,31.9,36.2,57.4,12.3,964,4859,5823,Transportasi Kerja/Sekolah
539,540,2012-06-23,fall,2012,6,0,6,0,Clear/Cloudy,30.0,32.6,53.5,12.0,2657,4801,7458,Rekreasi dan Liburan
540,541,2012-06-24,fall,2012,6,0,0,0,Clear/Cloudy,30.5,33.7,47.9,9.8,2551,4340,6891,Rekreasi dan Liburan
541,542,2012-06-25,fall,2012,6,0,1,1,Clear/Cloudy,29.3,32.7,50.4,20.1,1139,5640,6779,Transportasi Kerja/Sekolah
542,543,2012-06-26,fall,2012,6,0,2,1,Clear/Cloudy,25.9,29.7,37.3,23.3,1077,6365,7442,Transportasi Kerja/Sekolah
543,544,2012-06-27,fall,2012,6,0,3,1,Clear/Cloudy,28.6,32.0,36.0,18.2,1077,6258,7335,Transportasi Kerja/Sekolah
544,545,2012-06-28,fall,2012,6,0,4,1,Clear/Cloudy,30.7,33.8,42.2,11.5,921,5958,6879,Transportasi Kerja/Sekolah
545,546,2012-06-29,fall,2012,6,0,5,1,Clear/Cloudy,34.2,39.3,48.9,11.1,829,4634,5463,Transportasi Kerja/Sekolah
546,547,2012-06-30,fall,2012,6,0,6,0,Clear/Cloudy,31.4,34.4,60.1,10.8,1455,4232,5687,Rekreasi dan Liburan
547,548,2012-07-01,fall,2012,7,0,0,0,Clear/Cloudy,33.4,37.5,51.9,11.3,1421,4110,5531,Rekreasi dan Liburan
548,549,2012-07-02,fall,2012,7,0,1,1,Clear/Cloudy,32.0,35.1,44.7,13.1,904,5323,6227,Transportasi Kerja/Sekolah
549,550,2012-07-03,fall,2012,7,0,2,1,Clear/Cloudy,32.0,35.1,49.2,8.5,1052,5608,6660,Transportasi Kerja/Sekolah
550,551,2012-07-04,fall,2012,7,1,3,0,Clear/Cloudy,32.4,36.6,53.9,9.0,2562,4841,7403,Rekreasi dan Liburan
551,552,2012-07-05,fall,2012,7,0,4,1,Clear/Cloudy,33.9,38.1,45.8,13.0,1405,4836,6241,Transportasi Kerja/Sekolah
552,553,2012-07-06,fall,2012,7,0,5,1,Clear/Cloudy,34.0,37.6,45.1,9.8,1366,4841,6207,Transportasi Kerja/Sekolah
553,554,2012-07-07,fall,2012,7,0,6,0,Clear/Cloudy,35.3,40.2,49.2,11.0,1448,3392,4840,Rekreasi dan Liburan
554,555,2012-07-08,fall,2012,7,0,0,0,Clear/Cloudy,33.7,39.5,57.4,8.4,1203,3469,4672,Rekreasi dan Liburan
555,556,2012-07-09,fall,2012,7,0,1,1,Mist,29.1,32.7,68.3,12.1,998,5571,6569,Transportasi Kerja/Sekolah
556,557,2012-07-10,fall,2012,7,0,2,1,Mist,29.6,33.2,66.8,10.2,954,5336,6290,Transportasi Kerja/Sekolah
557,558,2012-07-11,fall,2012,7,0,3,1,Clear/Cloudy,29.4,32.5,63.3,10.2,975,6289,7264,Transportasi Kerja/Sekolah
558,559,2012-07-12,fall,2012,7,0,4,1,Clear/Cloudy,29.3,32.7,53.0,9.8,1032,6414,7446,Transportasi Kerja/Sekolah
559,560,2012-07-13,fall,2012,7,0,5,1,Mist,30.0,33.4,48.6,5.4,1511,5988,7499,Transportasi Kerja/Sekolah
560,561,2012-07-14,fall,2012,7,0,6,0,Mist,28.8,33.3,69.9,9.6,2355,4614,6969,Rekreasi dan Liburan
561,562,2012-07-15,fall,2012,7,0,0,0,Clear/Cloudy,30.6,35.3,71.8,11.2,1920,4111,6031,Rekreasi dan Liburan
562,563,2012-07-16,fall,2012,7,0,1,1,Clear/Cloudy,31.3,36.2,64.5,11.0,1088,5742,6830,Transportasi Kerja/Sekolah
563,564,2012-07-17,fall,2012,7,0,2,1,Clear/Cloudy,33.6,37.8,50.6,7.7,921,5865,6786,Transportasi Kerja/Sekolah
564,565,2012-07-18,fall,2012,7,0,3,1,Clear/Cloudy,32.5,37.3,57.7,9.2,799,4914,5713,Transportasi Kerja/Sekolah
565,566,2012-07-19,fall,2012,7,0,4,1,Clear/Cloudy,31.6,35.7,60.0,11.1,888,5703,6591,Transportasi Kerja/Sekolah
566,567,2012-07-20,fall,2012,7,0,5,1,Mist,27.3,30.7,84.4,14.0,747,5123,5870,Transportasi Kerja/Sekolah
567,568,2012-07-21,fall,2012,7,0,6,0,Light Rain,24.4,27.5,86.5,14.3,1264,3195,4459,Cuaca Buruk
568,569,2012-07-22,fall,2012,7,0,0,0,Mist,27.4,31.2,76.2,6.3,2544,4866,7410,Rekreasi dan Liburan
569,570,2012-07-23,fall,2012,7,0,1,1,Clear/Cloudy,30.4,34.5,69.4,9.3,1135,5831,6966,Transportasi Kerja/Sekolah
570,571,2012-07-24,fall,2012,7,0,2,1,Clear/Cloudy,30.8,35.3,65.5,14.2,1140,6452,7592,Transportasi Kerja/Sekolah
571,572,2012-07-25,fall,2012,7,0,3,1,Clear/Cloudy,29.7,32.7,45.0,11.0,1383,6790,8173,Transportasi Kerja/Sekolah
572,573,2012-07-26,fall,2012,7,0,4,1,Clear/Cloudy,31.8,37.0,59.7,19.1,1036,5825,6861,Transportasi Kerja/Sekolah
573,574,2012-07-27,fall,2012,7,0,5,1,Clear/Cloudy,32.0,36.7,59.5,10.3,1259,5645,6904,Transportasi Kerja/Sekolah
574,575,2012-07-28,fall,2012,7,0,6,0,Clear/Cloudy,31.0,34.9,61.3,10.5,2234,4451,6685,Rekreasi dan Liburan
575,576,2012-07-29,fall,2012,7,0,0,0,Clear/Cloudy,29.6,33.4,62.4,11.4,2153,4444,6597,Rekreasi dan Liburan
576,577,2012-07-30,fall,2012,7,0,1,1,Clear/Cloudy,30.0,34.2,66.9,10.3,1040,6065,7105,Transportasi Kerja/Sekolah
577,578,2012-07-31,fall,2012,7,0,2,1,Clear/Cloudy,29.2,33.1,70.4,11.1,968,6248,7216,Transportasi Kerja/Sekolah
578,579,2012-08-01,fall,2012,8,0,3,1,Clear/Cloudy,29.4,33.4,67.8,9.5,1074,6506,7580,Transportasi Kerja/Sekolah
579,580,2012-08-02,fall,2012,8,0,4,1,Clear/Cloudy,30.9,35.4,66.0,8.7,983,6278,7261,Transportasi Kerja/Sekolah
580,581,2012-08-03,fall,2012,8,0,5,1,Mist,31.4,36.1,64.2,14.5,1328,5847,7175,Transportasi Kerja/Sekolah
581,582,2012-08-04,fall,2012,8,0,6,0,Clear/Cloudy,32.5,37.6,61.3,17.2,2345,4479,6824,Rekreasi dan Liburan
582,583,2012-08-05,fall,2012,8,0,0,0,Clear/Cloudy,31.5,36.6,65.2,19.5,1707,3757,5464,Rekreasi dan Liburan
583,584,2012-08-06,fall,2012,8,0,1,1,Mist,30.9,35.5,65.4,8.7,1233,5780,7013,Transportasi Kerja/Sekolah
584,585,2012-08-07,fall,2012,8,0,2,1,Mist,30.2,34.9,70.4,7.8,1278,5995,7273,Transportasi Kerja/Sekolah
585,586,2012-08-08,fall,2012,8,0,3,1,Mist,30.8,35.4,67.3,7.4,1263,6271,7534,Transportasi Kerja/Sekolah
586,587,2012-08-09,fall,2012,8,0,4,1,Clear/Cloudy,31.0,35.0,62.0,10.5,1196,6090,7286,Transportasi Kerja/Sekolah
587,588,2012-08-10,fall,2012,8,0,5,1,Mist,29.3,33.4,71.6,16.0,1065,4721,5786,Transportasi Kerja/Sekolah
588,589,2012-08-11,fall,2012,8,0,6,0,Mist,28.4,31.9,73.3,13.8,2247,4052,6299,Rekreasi dan Liburan
589,590,2012-08-12,fall,2012,8,0,0,0,Clear/Cloudy,28.7,32.2,53.0,8.2,2182,4362,6544,Rekreasi dan Liburan
590,591,2012-08-13,fall,2012,8,0,1,1,Clear/Cloudy,29.6,33.1,54.5,9.1,1207,5676,6883,Transportasi Kerja/Sekolah
591,592,2012-08-14,fall,2012,8,0,2,1,Clear/Cloudy,29.8,33.8,68.7,11.3,1128,5656,6784,Transportasi Kerja/Sekolah
592,593,2012-08-15,fall,2012,8,0,3,1,Clear/Cloudy,29.0,32.7,62.0,11.4,1198,6149,7347,Transportasi Kerja/Sekolah
593,594,2012-08-16,fall,2012,8,0,4,1,Clear/Cloudy,29.5,32.7,51.9,9.5,1338,6267,7605,Transportasi Kerja/Sekolah
594,595,2012-08-17,fall,2012,8,0,5,1,Clear/Cloudy,29.7,12.1,57.1,15.5,1483,5665,7148,Transportasi Kerja/Sekolah
595,596,2012-08-18,fall,2012,8,0,6,0,Clear/Cloudy,27.8,30.9,60.3,11.9,2827,5038,7865,Rekreasi dan Liburan
596,597,2012-08-19,fall,2012,8,0,0,0,Mist,26.1,30.2,71.2,5.8,1208,3341,4549,Rekreasi dan Liburan
597,598,2012-08-20,fall,2012,8,0,1,1,Mist,26.1,29.8,73.4,8.7,1026,5504,6530,Transportasi Kerja/Sekolah
598,599,2012-08-21,fall,2012,8,0,2,1,Clear/Cloudy,26.6,30.1,67.4,4.9,1081,5925,7006,Transportasi Kerja/Sekolah
599,600,2012-08-22,fall,2012,8,0,3,1,Clear/Cloudy,27.4,31.1,67.7,4.7,1094,6281,7375,Transportasi Kerja/Sekolah
600,601,2012-08-23,fall,2012,8,0,4,1,Clear/Cloudy,28.5,31.9,63.6,5.7,1363,6402,7765,Transportasi Kerja/Sekolah
601,602,2012-08-24,fall,2012,8,0,5,1,Mist,28.8,32.4,61.5,4.8,1325,6257,7582,Transportasi Kerja/Sekolah
602,603,2012-08-25,fall,2012,8,0,6,0,Mist,27.1,30.9,71.3,16.4,1829,4224,6053,Rekreasi dan Liburan
603,604,2012-08-26,fall,2012,8,0,0,0,Mist,26.8,29.8,84.6,15.3,1483,3772,5255,Rekreasi dan Liburan
604,605,2012-08-27,fall,2012,8,0,1,1,Clear/Cloudy,28.8,32.7,73.0,8.6,989,5928,6917,Transportasi Kerja/Sekolah
605,606,2012-08-28,fall,2012,8,0,2,1,Clear/Cloudy,29.9,33.3,62.0,12.8,935,6105,7040,Transportasi Kerja/Sekolah
606,607,2012-08-29,fall,2012,8,0,3,1,Clear/Cloudy,28.1,31.8,55.2,7.5,1177,6520,7697,Transportasi Kerja/Sekolah
607,608,2012-08-30,fall,2012,8,0,4,1,Clear/Cloudy,29.0,32.6,59.0,5.2,1172,6541,7713,Transportasi Kerja/Sekolah
608,609,2012-08-31,fall,2012,8,0,5,1,Clear/Cloudy,31.3,34.5,58.8,11.3,1433,5917,7350,Transportasi Kerja/Sekolah
609,610,2012-09-01,fall,2012,9,0,6,0,Mist,30.9,35.1,63.8,7.6,2352,3788,6140,Rekreasi dan Liburan
610,611,2012-09-02,fall,2012,9,0,0,0,Mist,28.6,32.4,81.5,4.3,2613,3197,5810,Rekreasi dan Liburan
611,612,2012-09-03,fall,2012,9,1,1,0,Clear/Cloudy,29.0,33.1,79.1,10.1,1965,4069,6034,Rekreasi dan Liburan
612,613,2012-09-04,fall,2012,9,0,2,1,Clear/Cloudy,29.8,34.3,75.5,15.8,867,5997,6864,Transportasi Kerja/Sekolah
613,614,2012-09-05,fall,2012,9,0,3,1,Clear/Cloudy,30.2,35.4,74.1,12.6,832,6280,7112,Transportasi Kerja/Sekolah
614,615,2012-09-06,fall,2012,9,0,4,1,Mist,28.6,32.8,81.0,9.5,611,5592,6203,Transportasi Kerja/Sekolah
615,616,2012-09-07,fall,2012,9,0,5,1,Clear/Cloudy,28.8,32.9,73.6,11.5,1045,6459,7504,Transportasi Kerja/Sekolah
616,617,2012-09-08,fall,2012,9,0,6,0,Mist,27.0,30.6,79.9,18.8,1557,4419,5976,Rekreasi dan Liburan
617,618,2012-09-09,fall,2012,9,0,0,0,Clear/Cloudy,25.0,28.9,54.8,15.0,2570,5657,8227,Rekreasi dan Liburan
618,619,2012-09-10,fall,2012,9,0,1,1,Clear/Cloudy,23.9,28.3,50.4,17.3,1118,6407,7525,Transportasi Kerja/Sekolah
619,620,2012-09-11,fall,2012,9,0,2,1,Clear/Cloudy,23.7,27.7,52.0,6.2,1070,6697,7767,Transportasi Kerja/Sekolah
620,621,2012-09-12,fall,2012,9,0,3,1,Clear/Cloudy,24.6,28.5,57.7,8.8,1050,6820,7870,Transportasi Kerja/Sekolah
621,622,2012-09-13,fall,2012,9,0,4,1,Clear/Cloudy,25.1,29.0,63.7,5.5,1054,6750,7804,Transportasi Kerja/Sekolah
622,623,2012-09-14,fall,2012,9,0,5,1,Clear/Cloudy,26.0,29.7,67.2,7.0,1379,6630,8009,Transportasi Kerja/Sekolah
623,624,2012-09-15,fall,2012,9,0,6,0,Clear/Cloudy,24.9,29.3,50.2,16.6,3160,5554,8714,Rekreasi dan Liburan
624,625,2012-09-16,fall,2012,9,0,0,0,Clear/Cloudy,23.8,28.2,57.0,6.0,2166,5167,7333,Rekreasi dan Liburan
625,626,2012-09-17,fall,2012,9,0,1,1,Mist,23.8,27.7,73.5,10.2,1022,5847,6869,Transportasi Kerja/Sekolah
626,627,2012-09-18,fall,2012,9,0,2,1,Mist,25.6,28.3,87.2,24.0,371,3702,4073,Transportasi Kerja/Sekolah
627,628,2012-09-19,fall,2012,9,0,3,1,Clear/Cloudy,22.7,27.0,53.7,14.4,788,6803,7591,Transportasi Kerja/Sekolah
628,629,2012-09-20,fall,2012,9,0,4,1,Clear/Cloudy,22.4,26.6,61.8,7.9,939,6781,7720,Transportasi Kerja/Sekolah
629,630,2012-09-21,fall,2012,9,0,5,1,Clear/Cloudy,24.6,28.6,66.9,10.3,1250,6917,8167,Transportasi Kerja/Sekolah
630,631,2012-09-22,fall,2012,9,0,6,0,Clear/Cloudy,26.6,30.5,64.7,19.0,2512,5883,8395,Rekreasi dan Liburan
631,632,2012-09-23,winter,2012,9,0,0,0,Clear/Cloudy,21.7,25.9,46.7,15.0,2454,5453,7907,Rekreasi dan Liburan
632,633,2012-09-24,winter,2012,9,0,1,1,Clear/Cloudy,21.1,25.1,49.3,9.5,1001,6435,7436,Transportasi Kerja/Sekolah
633,634,2012-09-25,winter,2012,9,0,2,1,Clear/Cloudy,22.6,27.2,57.0,15.8,845,6693,7538,Transportasi Kerja/Sekolah
634,635,2012-09-26,winter,2012,9,0,3,1,Clear/Cloudy,26.0,29.8,63.1,16.4,787,6946,7733,Transportasi Kerja/Sekolah
635,636,2012-09-27,winter,2012,9,0,4,1,Mist,26.6,30.4,69.1,9.0,751,6642,7393,Transportasi Kerja/Sekolah
636,637,2012-09-28,winter,2012,9,0,5,1,Mist,25.4,29.3,69.0,11.0,1045,6370,7415,Transportasi Kerja/Sekolah
637,638,2012-09-29,winter,2012,9,0,6,0,Clear/Cloudy,22.2,26.5,54.3,15.2,2589,5966,8555,Rekreasi dan Liburan
638,639,2012-09-30,winter,2012,9,0,0,0,Clear/Cloudy,21.6,25.9,58.3,9.0,2015,4874,6889,Rekreasi dan Liburan
639,640,2012-10-01,winter,2012,10,0,1,1,Mist,21.4,25.6,64.9,6.1,763,6015,6778,Transportasi Kerja/Sekolah
640,641,2012-10-02,winter,2012,10,0,2,1,Light Rain,24.2,27.1,87.2,7.0,315,4324,4639,Cuaca Buruk
641,642,2012-10-03,winter,2012,10,0,3,1,Mist,27.0,30.0,79.4,4.5,728,6844,7572,Transportasi Kerja/Sekolah
642,643,2012-10-04,winter,2012,10,0,4,1,Mist,27.0,30.4,72.3,7.9,891,6437,7328,Transportasi Kerja/Sekolah
643,644,2012-10-05,winter,2012,10,0,5,1,Clear/Cloudy,25.2,29.0,62.7,7.1,1516,6640,8156,Transportasi Kerja/Sekolah
644,645,2012-10-06,winter,2012,10,0,6,0,Clear/Cloudy,22.7,26.9,66.4,18.0,3031,4934,7965,Rekreasi dan Liburan
645,646,2012-10-07,winter,2012,10,0,0,0,Mist,17.0,21.0,70.8,9.5,781,2729,3510,Rekreasi dan Liburan
646,647,2012-10-08,winter,2012,10,1,1,0,Mist,15.7,19.4,71.0,12.7,874,4604,5478,Rekreasi dan Liburan
647,648,2012-10-09,winter,2012,10,0,2,1,Mist,18.3,21.9,76.2,12.8,601,5791,6392,Transportasi Kerja/Sekolah
648,649,2012-10-10,winter,2012,10,0,3,1,Clear/Cloudy,21.1,25.2,63.1,12.6,780,6911,7691,Transportasi Kerja/Sekolah
649,650,2012-10-11,winter,2012,10,0,4,1,Clear/Cloudy,17.8,21.6,46.3,12.2,834,6736,7570,Transportasi Kerja/Sekolah
650,651,2012-10-12,winter,2012,10,0,5,1,Clear/Cloudy,17.9,21.7,53.9,15.8,1060,6222,7282,Transportasi Kerja/Sekolah
651,652,2012-10-13,winter,2012,10,0,6,0,Clear/Cloudy,16.1,19.6,49.5,9.8,2252,4857,7109,Rekreasi dan Liburan
652,653,2012-10-14,winter,2012,10,0,0,0,Clear/Cloudy,21.4,25.4,64.0,18.7,2080,4559,6639,Rekreasi dan Liburan
653,654,2012-10-15,winter,2012,10,0,1,1,Mist,23.0,27.0,70.8,19.8,760,5115,5875,Transportasi Kerja/Sekolah
654,655,2012-10-16,winter,2012,10,0,2,1,Clear/Cloudy,19.2,23.0,55.8,12.2,922,6612,7534,Transportasi Kerja/Sekolah
655,656,2012-10-17,winter,2012,10,0,3,1,Clear/Cloudy,18.7,22.5,69.3,6.8,979,6482,7461,Transportasi Kerja/Sekolah
656,657,2012-10-18,winter,2012,10,0,4,1,Mist,21.4,25.6,72.8,15.9,1008,6501,7509,Transportasi Kerja/Sekolah
657,658,2012-10-19,winter,2012,10,0,5,1,Mist,23.1,26.9,81.5,9.0,753,4671,5424,Transportasi Kerja/Sekolah
658,659,2012-10-20,winter,2012,10,0,6,0,Clear/Cloudy,19.9,23.6,57.3,7.9,2806,5284,8090,Rekreasi dan Liburan
659,660,2012-10-21,winter,2012,10,0,0,0,Clear/Cloudy,19.0,22.8,51.0,11.1,2132,4692,6824,Rekreasi dan Liburan
660,661,2012-10-22,winter,2012,10,0,1,1,Clear/Cloudy,20.0,24.1,56.8,5.5,830,6228,7058,Transportasi Kerja/Sekolah
661,662,2012-10-23,winter,2012,10,0,2,1,Clear/Cloudy,22.3,26.5,64.2,6.3,841,6625,7466,Transportasi Kerja/Sekolah
662,663,2012-10-24,winter,2012,10,0,3,1,Clear/Cloudy,24.1,27.9,63.6,4.9,795,6898,7693,Transportasi Kerja/Sekolah
663,664,2012-10-25,winter,2012,10,0,4,1,Mist,22.6,26.5,80.0,8.3,875,6484,7359,Transportasi Kerja/Sekolah
664,665,2012-10-26,winter,2012,10,0,5,1,Mist,22.4,26.1,80.7,8.9,1182,6262,7444,Transportasi Kerja/Sekolah
665,666,2012-10-27,winter,2012,10,0,6,0,Mist,21.7,25.8,72.0,15.8,2643,5209,7852,Rekreasi dan Liburan
666,667,2012-10-28,winter,2012,10,0,0,0,Mist,19.6,23.4,69.5,26.7,998,3461,4459,Rekreasi dan Liburan
667,668,2012-10-29,winter,2012,10,0,1,1,Light Rain,18.0,22.0,88.0,24.0,2,20,22,Cuaca Buruk
668,669,2012-10-30,winter,2012,10,0,2,1,Mist,13.0,15.5,82.5,14.3,87,1009,1096,Cuaca dingin
669,670,2012-10-31,winter,2012,10,0,3,1,Mist,14.7,18.1,66.7,11.2,419,5147,5566,Transportasi Kerja/Sekolah
670,671,2012-11-01,winter,2012,11,0,4,1,Mist,15.0,18.5,58.2,10.5,466,5520,5986,Transportasi Kerja/Sekolah
671,672,2012-11-02,winter,2012,11,0,5,1,Clear/Cloudy,14.6,17.8,52.2,17.8,618,5229,5847,Transportasi Kerja/Sekolah
672,673,2012-11-03,winter,2012,11,0,6,0,Mist,14.1,16.2,49.1,18.1,1029,4109,5138,Rekreasi dan Liburan
673,674,2012-11-04,winter,2012,11,0,0,0,Clear/Cloudy,13.4,16.5,53.3,12.0,1201,3906,5107,Cuaca dingin
674,675,2012-11-05,winter,2012,11,0,1,1,Clear/Cloudy,13.1,15.4,49.4,15.8,378,4881,5259,Cuaca dingin
675,676,2012-11-06,winter,2012,11,0,2,1,Clear/Cloudy,11.5,14.1,56.7,11.6,466,5220,5686,Cuaca dingin
676,677,2012-11-07,winter,2012,11,0,3,1,Mist,12.1,13.7,54.8,20.4,326,4709,5035,Cuaca dingin
677,678,2012-11-08,winter,2012,11,0,4,1,Clear/Cloudy,14.4,17.1,33.3,23.3,340,4975,5315,Transportasi Kerja/Sekolah
678,679,2012-11-09,winter,2012,11,0,5,1,Clear/Cloudy,14.8,17.8,54.1,14.4,709,5283,5992,Transportasi Kerja/Sekolah
679,680,2012-11-10,winter,2012,11,0,6,0,Clear/Cloudy,16.0,19.7,64.5,3.9,2090,4446,6536,Rekreasi dan Liburan
680,681,2012-11-11,winter,2012,11,0,0,0,Clear/Cloudy,17.3,21.1,65.9,8.5,2290,4562,6852,Rekreasi dan Liburan
681,682,2012-11-12,winter,2012,11,1,1,0,Clear/Cloudy,19.9,23.8,74.2,11.6,1097,5172,6269,Rekreasi dan Liburan
682,683,2012-11-13,winter,2012,11,0,2,1,Mist,14.1,16.2,66.3,22.9,327,3767,4094,Transportasi Kerja/Sekolah
683,684,2012-11-14,winter,2012,11,0,3,1,Clear/Cloudy,11.9,14.1,55.2,13.4,373,5122,5495,Cuaca dingin
684,685,2012-11-15,winter,2012,11,0,4,1,Mist,13.2,16.2,62.0,10.3,320,5125,5445,Cuaca dingin
685,686,2012-11-16,winter,2012,11,0,5,1,Clear/Cloudy,14.1,17.4,52.5,11.5,484,5214,5698,Transportasi Kerja/Sekolah
686,687,2012-11-17,winter,2012,11,0,6,0,Clear/Cloudy,13.3,16.3,54.5,12.0,1313,4316,5629,Cuaca dingin
687,688,2012-11-18,winter,2012,11,0,0,0,Clear/Cloudy,14.0,16.9,69.3,15.3,922,3747,4669,Rekreasi dan Liburan
688,689,2012-11-19,winter,2012,11,0,1,1,Mist,15.6,18.8,62.3,15.7,449,5050,5499,Transportasi Kerja/Sekolah
689,690,2012-11-20,winter,2012,11,0,2,1,Mist,15.3,19.0,68.5,5.5,534,5100,5634,Transportasi Kerja/Sekolah
690,691,2012-11-21,winter,2012,11,0,3,1,Clear/Cloudy,14.5,18.2,61.4,6.9,615,4531,5146,Transportasi Kerja/Sekolah
691,692,2012-11-22,winter,2012,11,1,4,0,Clear/Cloudy,13.9,17.5,58.0,3.5,955,1470,2425,Rekreasi dan Liburan
692,693,2012-11-23,winter,2012,11,0,5,1,Clear/Cloudy,15.1,18.9,56.9,9.9,1603,2307,3910,Transportasi Kerja/Sekolah
693,694,2012-11-24,winter,2012,11,0,6,0,Clear/Cloudy,11.4,12.4,40.5,25.3,532,1745,2277,Cuaca dingin
694,695,2012-11-25,winter,2012,11,0,0,0,Clear/Cloudy,10.1,12.9,46.8,10.1,309,2115,2424,Cuaca dingin
695,696,2012-11-26,winter,2012,11,0,1,1,Clear/Cloudy,12.8,17.0,53.5,3.1,337,4750,5087,Cuaca dingin
696,697,2012-11-27,winter,2012,11,0,2,1,Mist,12.0,14.1,78.7,15.9,123,3836,3959,Cuaca dingin
697,698,2012-11-28,winter,2012,11,0,3,1,Clear/Cloudy,12.2,14.5,50.6,14.1,198,5062,5260,Cuaca dingin
698,699,2012-11-29,winter,2012,11,0,4,1,Clear/Cloudy,11.5,14.9,55.6,7.7,243,5080,5323,Cuaca dingin
699,700,2012-11-30,winter,2012,11,0,5,1,Clear/Cloudy,12.2,16.2,65.0,3.9,362,5306,5668,Cuaca dingin
700,701,2012-12-01,winter,2012,12,0,6,0,Mist,12.2,15.8,80.7,4.0,951,4240,5191,Cuaca dingin
701,702,2012-12-02,winter,2012,12,0,0,0,Mist,14.2,18.0,82.3,8.3,892,3757,4649,Rekreasi dan Liburan
702,703,2012-12-03,winter,2012,12,0,1,1,Clear/Cloudy,18.6,22.8,76.8,5.5,555,5679,6234,Transportasi Kerja/Sekolah
703,704,2012-12-04,winter,2012,12,0,2,1,Clear/Cloudy,19.5,23.5,73.4,11.7,551,6055,6606,Transportasi Kerja/Sekolah
704,705,2012-12-05,winter,2012,12,0,3,1,Clear/Cloudy,18.0,21.4,48.5,21.7,331,5398,5729,Transportasi Kerja/Sekolah
705,706,2012-12-06,winter,2012,12,0,4,1,Clear/Cloudy,10.5,12.9,50.9,11.7,340,5035,5375,Cuaca dingin
706,707,2012-12-07,winter,2012,12,0,5,1,Mist,13.2,16.1,76.4,8.8,349,4659,5008,Cuaca dingin
707,708,2012-12-08,winter,2012,12,0,6,0,Mist,15.6,19.5,91.1,6.8,1153,4429,5582,Rekreasi dan Liburan
708,709,2012-12-09,winter,2012,12,0,0,0,Mist,15.8,19.5,90.5,10.6,441,2787,3228,Rekreasi dan Liburan
709,710,2012-12-10,winter,2012,12,0,1,1,Mist,17.9,21.8,92.5,12.8,329,4841,5170,Transportasi Kerja/Sekolah
710,711,2012-12-11,winter,2012,12,0,2,1,Mist,14.5,16.9,59.7,19.8,282,5219,5501,Transportasi Kerja/Sekolah
711,712,2012-12-12,winter,2012,12,0,3,1,Mist,12.2,14.9,53.8,10.9,310,5009,5319,Cuaca dingin
712,713,2012-12-13,winter,2012,12,0,4,1,Clear/Cloudy,12.1,14.7,48.6,11.7,425,5107,5532,Cuaca dingin
713,714,2012-12-14,winter,2012,12,0,5,1,Clear/Cloudy,11.5,14.7,64.3,8.8,429,5182,5611,Cuaca dingin
714,715,2012-12-15,winter,2012,12,0,6,0,Clear/Cloudy,13.3,16.9,65.0,7.1,767,4280,5047,Cuaca dingin
715,716,2012-12-16,winter,2012,12,0,0,0,Mist,14.9,18.5,83.9,6.7,538,3248,3786,Rekreasi dan Liburan
716,717,2012-12-17,winter,2012,12,0,1,1,Mist,16.1,20.1,90.7,6.6,212,4373,4585,Transportasi Kerja/Sekolah
717,718,2012-12-18,winter,2012,12,0,2,1,Clear/Cloudy,16.8,20.5,66.6,14.8,433,5124,5557,Transportasi Kerja/Sekolah
718,719,2012-12-19,winter,2012,12,0,3,1,Clear/Cloudy,13.6,17.1,62.5,12.3,333,4934,5267,Cuaca dingin
719,720,2012-12-20,winter,2012,12,0,4,1,Mist,13.5,16.8,66.8,8.9,314,3814,4128,Cuaca dingin
720,721,2012-12-21,springer,2012,12,0,5,1,Mist,13.4,15.1,55.7,25.1,221,3402,3623,Cuaca dingin
721,722,2012-12-22,springer,2012,12,0,6,0,Clear/Cloudy,10.9,11.8,44.1,27.3,205,1544,1749,Cuaca dingin
722,723,2012-12-23,springer,2012,12,0,0,0,Clear/Cloudy,10.1,13.0,51.5,8.9,408,1379,1787,Cuaca dingin
723,724,2012-12-24,springer,2012,12,0,1,1,Mist,9.5,12.9,79.1,5.2,174,746,920,Cuaca dingin
724,725,2012-12-25,springer,2012,12,1,2,0,Mist,11.9,14.7,73.5,11.3,440,573,1013,Cuaca dingin
725,726,2012-12-26,springer,2012,12,0,3,1,Light Rain,10.0,11.0,82.3,21.2,9,432,441,Cuaca Buruk
726,727,2012-12-27,springer,2012,12,0,4,1,Mist,10.4,11.3,65.3,23.5,247,1867,2114,Cuaca dingin
727,728,2012-12-28,springer,2012,12,0,5,1,Mist,10.4,12.8,59.0,10.4,644,2451,3095,Cuaca dingin
728,729,2012-12-29,springer,2012,12,0,6,0,Mist,10.4,12.1,75.3,8.3,159,1182,1341,Cuaca dingin
729,730,2012-12-30,springer,2012,12,0,0,0,Clear/Cloudy,10.5,11.6,48.3,23.5,364,1432,1796,Cuaca dingin
730,731,2012-12-31,springer,2012,12,0,1,1,Mist,8.8,11.2,57.8,10.4,439,2290,2729,Cuaca dingin
